,kperp,fu,fuErr,fubar,fubarErr,fd,fdErr,fdbar,fdbarErr,fs,fsErr,fsbar,fsbarErr
0,0.0,0.0,0.0,0.0,0.0,0.0,0.0,0.0,0.0,0.0,0.0,0.0,0.0
1,0.01,0.002873214513200809,0.0008869641777547799,0.0015087785418281888,0.000670214677686808,-0.007260888561350707,0.0024445633906168846,-0.006881041273409505,0.0032983179916050206,-0.0010510654743966048,0.0005814569782515332,-0.0010794371537832283,0.0008015645552869117
2,0.02,0.005743366608816361,0.001772983034835633,0.003015948948832339,0.0013397150320671222,-0.014514038081713013,0.004886521354689944,-0.013754748392416829,0.006593120554672967,-0.0021010106750439196,0.0011622942506362166,-0.002157723801830166,0.0016022747753497582
3,0.03,0.008607399308750728,0.0026571129295666586,0.004519905942573595,0.002007788008576451,-0.021751723266273792,0.007323273093257442,-0.020613800229586317,0.009880898504649219,-0.0031487173180223243,0.001741893211942061,-0.0032337114819183353,0.0024012778424188043
4,0.04,0.011462266500361855,0.0035384135740935655,0.006019049950281326,0.0026737230869798177,-0.028966246278392026,0.009752227051016298,-0.027450901679025027,0.01315815512941938,-0.0041930710941240875,0.002319637455530314,-0.0043062558137719606,0.003197723969860044
5,0.05,0.014304938335420002,0.004415949700871712,0.007511789939954658,0.003336813540660384,-0.03614995038334769,0.012170805509424351,-0.03425879658628249,0.0164214123867674,-0.005232963643856368,0.002894913865789603,-0.005374218527349234,0.003990767908322763
6,0.06,0.01713240658866461,0.005288792716684133,0.008996546234248384,0.003996357686484903,-0.043295233489991855,0.014576449145433061,-0.041030280581493134,0.019667217055457955,-0.006267294517665029,0.0034671137024155684,-0.00643646947595171,0.004779570440616505
7,0.07,0.019941689962693653,0.006156022340094929,0.010471753296176866,0.00465166012215182,-0.05039456155677236,0.016966621544564915,-0.04775821378399163,0.022892146824715368,-0.007294973116526266,0.004035633673831806,-0.00749188862917201,0.005563299861616571
8,0.08,0.022729839326090406,0.007016728218296189,0.011935862479759548,0.0053020329479677684,-0.05744048182904335,0.019338813657195746,-0.05443553334703884,0.026092816307067463,-0.008314920608115806,0.004599876997102577,-0.008539368040760338,0.006341133439545049
9,0.09,0.025493942871905564,0.007870011519372326,0.013387344738843388,0.005946796970047824,-0.06442563587510307,0.02169054818708298,-0.061055265811808326,0.029265882959767626,-0.009326071813843248,0.005159254441730807,-0.009577813786570365,0.007112258855033665
10,0.1,0.0282311311838658,0.008714986496084012,0.0148246932874706,0.006585282881994075,-0.07134277238904696,0.02401938390139662,-0.06761053924038861,0.032408052900298634,-0.010327377062131897,0.005713185354786199,-0.010606147867840126,0.0078758756144455
11,0.11,0.030938582197973827,0.009550782017364236,0.016246426205314163,0.0072168324221753505,-0.07818475972926188,0.026322919851758973,-0.07409459509825968,0.03551608660179899,-0.011317804003431626,0.006261098664867553,-0.011623310075173705,0.008631196434014415
12,0.12,0.033613526047496144,0.010376543063821665,0.017651088981877887,0.007840799503808449,-0.08494459816222884,0.028598799496082083,-0.08050079985749578,0.03858680445463317,-0.012296339382573747,0.006802433862470631,-0.012628259808714572,0.009377448591453596
13,0.13,0.036253249779703955,0.011191432183660187,0.0190372569933514,0.00845655131512728,-0.09161543178223146,0.030844714711304837,-0.08682265629283345,0.04161709218075101,-0.013261990764212047,0.007336641954407502,-0.013619977850139362,0.010113875241787628
14,0.14,0.03885510193313853,0.011994630905548772,0.020403537906223516,0.009063469387020765,-0.09819056007859284,0.03305840968747737,-0.09305381444370975,0.044603906087946225,-0.014213788207241984,0.007863186390005291,-0.014597468082253887,0.010839736694275511
15,0.15,0.041416496964610236,0.01278534110511112,0.021748574001987864,0.009660950625622852,-0.10466344912317394,0.03523768469401331,-0.09918808221643106,0.04754427815162869,-0.01515078588425115,0.008381543956901143,-0.015559759152137606,0.01155431164741453
16,0.16,0.04393491951561434,0.013562786321850583,0.023071044417522613,0.010248408307448125,-0.11102774235205874,0.037380399709332504,-0.10521943560176282,0.05043532091226678,-0.016072063642226457,0.00889120564434577,-0.016505906073960512,0.012256898379146704
17,0.17,0.04640792850834738,0.014326213023480631,0.02436966729599022,0.010825273034783665,-0.11727727091662121,0.03948447790554413,-0.11114202848443241,0.05327423217723291,-0.016976728500927747,0.009391677472029509,-0.017434991767784822,0.012946815889529627
18,0.18,0.04883316106204163,0.015074891814795646,0.02564320184338226,0.011390993649171921,-0.1234060635805165,0.04154790898027294,-0.1169502020223149,0.05605829951639626,-0.017863916085531707,0.009882481282552643,-0.018346128530864203,0.013623404993281973
19,0.19,0.05120833622089239,0.015808118588389,0.02689045028612797,0.01194503810094961,-0.12940835614054486,0.04356875232820608,-0.12263849357440362,0.05878490454144795,-0.018732791990354453,0.010363155495774514,-0.01923845943816284,0.014286029359769846
20,0.2,0.053531258485436835,0.016525215614705352,0.028110259725490718,0.012486894272943631,-0.13527860035081551,0.045545140045434196,-0.12820164515807148,0.0614515269596122,-0.0195825530706747,0.010833255823394165,-0.020111159669035285,0.014934076498162415
21,0.21,0.055799821139848396,0.01722553256910132,0.029301523884796236,0.013016070756566505,-0.14101147233116765,0.04747527976017658,-0.13363461141757252,0.06405574839309465,-0.02041242865990077,0.011292355942237669,-0.020963437757236806,0.015566958685655198
22,0.22,0.058012009368237916,0.01790844749378182,0.030463184745863146,0.013532097578699538,-0.1466018804423865,0.04935745728401172,-0.13893256708723925,0.06659525595633549,-0.021221681709553925,0.011740048124854177,-0.021794536761667833,0.01618411383683282
23,0.23,0.060165903153695924,0.018573367692678002,0.03159423407134675,0.014034526877902553,-0.15204497261238117,0.05119003907828337,-0.14409091393436788,0.069067845583876,-0.022009609849776214,0.012175943826152712,-0.022603735355499213,0.016785006312423963
24,0.24,0.06225967995446938,0.019219730557536573,0.03269371481005183,0.014522933528642404,-0.157336143099159,0.05297147453091288,-0.1491052871683699,0.07147142510240327,-0.022775546368311562,0.01259967422494563,-0.023390348831571987,0.017369127665884217
25,0.25,0.06429161715234122,0.01984700432369769,0.033760722382623516,0.014996915712389782,-0.162471038678127,0.054700298039420704,-0.15397156130437095,0.07380401704131,-0.023518861106156475,0.013010890719400306,-0.024153730022218264,0.017935997326430864
26,0.26,0.06626009426896108,0.020454688754249415,0.03479440584538565,0.015456095434592886,-0.16744556424298426,0.05637513089654138,-0.1586858554710822,0.07606376117689115,-0.024238961268324512,0.013409265375539037,-0.024893270131906935,0.018485163217343753
27,0.27,0.06816359494656939,0.02104231575146039,0.035793968930456485,0.015900118986697874,-0.17225588781120624,0.05799468297540466,-0.16324453815441992,0.07824891680609194,-0.02493529214842381,0.013794491328067201,-0.025608399481376765,0.019016202308539707
28,0.28,0.07000070869025293,0.02160944989460713,0.03675867096064014,0.016328657352548574,-0.17689844492689574,0.05955775421184712,-0.16764423137002002,0.08035786474652198,-0.025607337765999563,0.014166283132950253,-0.02629858816218205,0.019528721102621806
29,0.29,0.07177013236957029,0.02215568890352864,0.037687827637957555,0.0167414065586611,-0.18136994245553154,0.0610632358820158,-0.17188181425946963,0.08238910906025407,-0.026254621415851772,0.01452437707130227,-0.026963346600838583,0.020022356053800677
30,0.3,0.07347067147808425,0.022680664027457165,0.03858081170505042,0.01713808796803258,-0.185667361766925,0.06251011167401947,-0.17595442610675666,0.08434127849972944,-0.02687670612879297,0.014868531404290071,-0.027602226032020737,0.02049677391927992
31,0.31,0.075101241150041,0.02318404035888936,0.03943705347905707,0.0175184485173058,-0.18978796130445547,0.0638974585529792,-0.1798594687731091,0.08621312767489461,-0.02747319504356711,0.015198526578898577,-0.02821481888052324,0.020951672042892937
32,0.32,0.07666086693412574,0.023665517072476792,0.040256041257924514,0.017882260897274002,-0.19372927854041405,0.06522444741941882,-0.18359460855006263,0.08800353794148975,-0.028043731689904306,0.015514165384543407,-0.028800759051961954,0.021386778570972015
33,0.33,0.07814868532491391,0.024124827589126582,0.0410373215994818,0.018229323676869878,-0.1974891313190169,0.06649034356152257,-0.18715777743223827,0.08971151801119985,-0.02858800018293855,0.01581527306065575,-0.029359722132445903,0.02180185260062228
34,0.34,0.0795639440533163,0.024561739665712432,0.04178049947395541,0.01855946137094138,-0.20106561859036756,0.06769450690236134,-0.19054717381293265,0.09133620428515726,-0.029105725329461925,0.016101697355501963,-0.02989142549770792,0.022196684260762368
35,0.35,0.08090600213798116,0.024976055411002125,0.04248523829095932,0.01887252445227245,-0.20445712054033463,0.06883639204376074,-0.19376126260723248,0.09287686091304972,-0.029596672646734767,0.016373308536635097,-0.030395628332432284,0.0225710947264798
36,0.36,0.0821743297002716,0.02536761122860929,0.043151259802332614,0.01916838930845885,-0.2076622981229548,0.06991554810903478,-0.19679877480891525,0.09433287958083846,-0.030060648294808673,0.016629999353507934,-0.03087213156076163,0.022924936167431145
37,0.37,0.08336850754607257,0.02573627768797388,0.04377834388253533,0.019446958144398497,-0.2106800920035923,0.0709316183873553,-0.19965870648893486,0.09570377903082188,-0.03049749892355314,0.016871684952905763,-0.031320777689206936,0.023258091631194893
38,0.38,0.08448822651830207,0.026081959324566844,0.04436632818863613,0.01970815883129954,-0.21350972092264014,0.0718843397830521,-0.20234031724476825,0.09698920431849262,-0.030907111435803224,0.0170983027479829,-0.031741450563415194,0.02357047486265782
39,0.39,0.08553328662460033,0.026404594370700103,0.04491510770224136,0.01995194470324989,-0.21615067949107347,0.0727735420736496,-0.20484312811134073,0.09818892581132213,-0.031289412668264786,0.01730981224180786,-0.03213407504047619,0.023862030060683086
40,0.4,0.08650359594524998,0.026704154418500704,0.04542463415601916,0.02017829430252619,-0.21860273543062145,0.07359914698093735,-0.20716691894562647,0.0993028379352726,-0.031644368992025294,0.017506194806439335,-0.0324986165786656,0.02413273157346898
41,0.41,0.08739916932693138,0.02698064401677948,0.04589491534776128,0.020387211074950055,-0.2208659262727237,0.07436116705984365,-0.20931172529835043,0.10033095767547091,-0.03197198583472111,0.017687453418667218,-0.03283508074673126,0.02438258353416274
42,0.42,0.08822012686845224,0.02723410020368798,0.04632601434520611,0.020578723016722283,-0.22294055553178063,0.07505970441033152,-0.21127783478749135,0.10127342283808768,-0.032272307126605775,0.017853612353659905,-0.03314351265502711,0.024611619438440674
43,0.43,0.08896669220508623,0.02746459197721238,0.04671804858510771,0.020752882274283638,-0.2248271883694701,0.07569494921796378,-0.21306578298947465,0.10213049008104094,-0.03254541467294773,0.018004716837861038,-0.03342399631098884,0.024819901665906672
44,0.44,0.08963919059863613,0.027672219705699736,0.04707118887028688,0.02090976469886074,-0.22652664676810805,0.07626717812918801,-0.21467634886510015,0.10290253272168852,-0.03279142745535932,0.018140832662574623,-0.03367665390162331,0.02500752094729322
45,0.45,0.09023804684077946,0.027857114480749064,0.047385658268632405,0.021049469357460233,-0.22804000423215193,0.07677675246777133,-0.2161105497382977,0.10359003833018637,-0.03301050086482201,0.018262045759767722,-0.03390164500585129,0.02517459577957345
46,0.46,0.09076378297766687,0.02801943741492833,0.047661730918240205,0.02117211800217044,-0.22936858003799657,0.077224116299166,-0.21736963584680805,0.10419360611766146,-0.033202825869324167,0.018368461741703777,-0.034099165739698546,0.025321271791208112
47,0.47,0.09121701586413328,0.0281593788868959,0.047899730743076824,0.021277854499719542,-0.2305139330531789,0.07760979434991576,-0.21845508448480097,0.10471394412879458,-0.03336862811916826,0.01846020540609716,-0.03426944783747432,0.02544772105985888
48,0.48,0.0915984545562255,0.028277157736614114,0.04810003008374116,0.021366844223320972,-0.23147785514699296,0.07793438978950758,-0.21936859375828055,0.1051518662488026,-0.03350816699313286,0.01853742020855044,-0.03441275767220843,0.025554141384996447
49,0.49,0.09190889755107194,0.028373020413440093,0.048263048248062074,0.021439273408910765,-0.23226236421532492,0.07819858188234786,-0.22011207597489357,0.105508289035184,-0.033621734588789705,0.018600267704100407,-0.03452939521873689,0.02564075551792119
50,0.5,0.09214922988340306,0.028447240079966733,0.048389249986420496,0.021495348477948005,-0.23286969684322542,0.07840312351777981,-0.220687650690429,0.10578422838490753,-0.03370965466038219,0.018648926959755903,-0.03461969296293339,0.025707810351793047
51,0.51,0.09232042008828119,0.02850011567456421,0.04847914389681559,0.02153529532900766,-0.23330230062938526,0.07854883862627442,-0.22109763743490474,0.10598079604801983,-0.033772281507760946,0.018683593939961794,-0.03468401476067727,0.02575557607433713
52,0.52,0.09242351703981232,0.028531970935638442,0.048533280764806404,0.021559358600445354,-0.23356282619720006,0.07863661949010849,-0.221344548141646,0.10609919599888815,-0.03380999881995198,0.018704480866965956,-0.03472275465022942,0.02578434528595135
53,0.53,0.09245964667579486,0.02854315339067888,0.04855225184355758,0.02156780090645576,-0.23365411891758914,0.07866742395699858,-0.2214310793031927,0.10614072067650519,-0.03382321847699922,0.018711815558103844,-0.034736335621756646,0.02579443208599318
54,0.54,0.09243000861840625,0.028534033313213154,0.048536687079291686,0.021560902048880493,-0.23357921036909335,0.07864227256528195,-0.2213601038782301,0.10610674710545015,-0.033812379313775585,0.018705840742043945,-0.03472520834779755,0.025786171130063183
55,0.55,0.09233587270113806,0.028505002650820312,0.04848725328751154,0.021538958207146984,-0.23334130956104904,0.07856224558933303,-0.22113466297399392,0.1059987329092273,-0.03377794584949861,0.01868681335606026,-0.03468984987850766,0.02575991666113383
56,0.56,0.09217857541226904,0.028456473927378267,0.04840465228539486,0.02150228110873844,-0.232943793945852,0.07842848001396671,-0.22075795732879405,0.10581821222779213,-0.033720406986714295,0.018655003826413684,-0.03463076230554792,0.02571604151739401
57,0.57,0.09195951626520764,0.028388879122734544,0.04828961898578695,0.021451197182604225,-0.23239020024641038,0.07824216644661859,-0.2202333386193947,0.10556679155112503,-0.03364027468352821,0.018610695333932472,-0.034548471398498606,0.025654936119691392
58,0.58,0.09168015410604556,0.028302668532991904,0.0481429194582215,0.02138604669792309,-0.23168421512492332,0.07800454597609902,-0.2195643006180265,0.1052461454807227,-0.03353808260286783,0.018554183066884482,-0.03444352521768352,0.025577007441457397
59,0.59,0.09134200336863961,0.028198309614593704,0.047965348962387924,0.021307182890625317,-0.23082966571906496,0.07771690698669857,-0.21875447022372962,0.10485801243085041,-0.03341438474254886,0.01848577346322857,-0.03431649270728041,0.025482677963993255
60,0.6,0.09094663028748484,0.028076285815376478,0.04775772995943397,0.021214971080067688,-0.22983051007149757,0.07738058193637509,-0.21780759839261224,0.10440419028133599,-0.03326975404990143,0.01840578344432164,-0.03416796227257302,0.025372384619979857
61,0.61,0.09049564907855331,0.027937095395730128,0.047520910106447066,0.021109787778234405,-0.22869082747843675,0.07699694410767861,-0.21672755099139174,0.10388653199358419,-0.03310478102467684,0.018314539642140235,-0.033998540345167805,0.02524657772805006
62,0.62,0.08999071809815665,0.027781250242970443,0.047255760239395386,0.020992019793809807,-0.22741480878268075,0.07656740433996985,-0.2155182995983019,0.10330694120135739,-0.03292007231391468,0.018212377622051586,-0.033808849939952625,0.02510571992122902
63,0.63,0.08943353598974395,0.027609274681982873,0.04696317234973359,0.02086206333343464,-0.22600674663615075,0.07609340775136458,-0.21418391227510683,0.10266736778769862,-0.03271624930239627,0.01809964110313948,-0.03359952920752245,0.024950285072007642
64,0.64,0.08882583782836928,0.02742170428514266,0.046644057559785485,0.020720323102416602,-0.22447102575654648,0.07557643045868552,-0.21272854433353375,0.10196980345917331,-0.032493946702245015,0.01797668117805513,-0.03337122998572784,0.024780757216764905
65,0.65,0.088169391272364,0.02721908468445392,0.046299344101909966,0.020567211407118726,-0.2228121132022095,0.07501797630353281,-0.21115642911895813,0.10121627732837202,-0.03225381114516185,0.017843855534321638,-0.03312461635392917,0.02459762948219873
66,0.66,0.08746599273151837,0.027001970388780112,0.04592997530633667,0.020403147261196446,-0.22103454868870995,0.07441957359238914,-0.20947186883362845,0.1004088515153574,-0.031996499780699524,0.017701527678975492,-0.03286036319345153,0.02440140301636144
67,0.67,0.08671746356082624,0.026770923608960325,0.04553690760242534,0.02022855549779445,-0.21914293497003406,0.07378277185846188,-0.20767922542110792,0.09954961677844619,-0.031722678883887724,0.0175500661683765,-0.03257915475764239,0.02419258592682517
68,0.68,0.0859256462885707,0.026526513093520637,0.045121108537958816,0.02004386588975117,-0.217141928306558,0.07310913865272954,-0.2057829115329607,0.0986406881844038,-0.03143302247541982,0.01738984384496267,-0.032281683254828636,0.02397169222842632
69,0.69,0.08509240088723131,0.02626931297759861,0.0446835548209225,0.019849512279788904,-0.2150362290412385,0.07240025637140807,-0.20378738159798906,0.09768420082778556,-0.031128210957504083,0.017221237082665947,-0.03196864744736024,0.023739240802954625
70,0.7,0.08421960109537799,0.025999901647600927,0.04422523038805812,0.019645931722593834,-0.21283057230465233,0.0716577191267823,-0.20169712301357598,0.09668230560879691,-0.030808929768365488,0.017044625042640933,-0.031640751269806644,0.023495754373064805
71,0.71,0.0833091307983787,0.025718860624010652,0.043747124504302355,0.019433563640612134,-0.21052971886866886,0.07088312966806332,-0.19951664747788275,0.09563716507866002,-0.030475868058262478,0.01686038894089074,-0.031298702469248235,0.023241758492594456
72,0.72,0.08236288047540047,0.025426773464652254,0.04325022989703717,0.01921284899530608,-0.20813844616765076,0.07007809635863259,-0.1972504824808072,0.0945509493610682,-0.03012971738975348,0.016668911329302937,-0.030943211270470578,0.02297778055537442
73,0.73,0.08138274371981123,0.025124224690608883,0.04273554092888464,0.018984229475528604,-0.20566153950515337,0.06924423021572207,-0.19490316297073063,0.09342583215789144,-0.029771170464814,0.01647057539153435,-0.030574989068733398,0.022704348824514744
74,0.74,0.08037061383971206,0.02481179873686905,0.042204051812580835,0.01874814670458586,-0.20310378346312,0.06838314201825423,-0.19247922321316638,0.09226398684685568,-0.029400919881266533,0.016265764255106365,-0.030194747152642195,0.02242199148404367
75,0.75,0.07932838054493825,0.02449007892965905,0.04165675487125511,0.01850504146746582,-0.200469953529594,0.06749643948823437,-0.18998318885648952,0.09106758267847145,-0.02901965692084028,0.016054860320993083,-0.029803195459502597,0.02213123571466736
76,0.76,0.07825792672646022,0.02415964649229234,0.04109463884723148,0.018255352959617128,-0.19776480795994128,0.06658572455074277,-0.18741956921895567,0.08983878107902243,-0.028628070371032387,0.01583824461190298,-0.029401041365387137,0.021832606795305735
77,0.77,0.07716112533370927,0.02382107958124129,0.04051868726225272,0.017999518058566425,-0.19499307988553613,0.06565259067722587,-0.1847928498102371,0.08857973206595471,-0.0282268453827903,0.015616296140371985,-0.02898898851198942,0.021526627231945268
78,0.78,0.07603983635493278,0.023474952354006814,0.03992987683180626,0.01773797061956485,-0.19215946968281808,0.06469862031642974,-0.1821074850997009,0.08729257078152636,-0.027816662365883146,0.01538939129770082,-0.028567735672183212,0.021213815915232807
79,0.79,0.0748959039052595,0.023121834070231377,0.03932917593601232,0.017471140796355963,-0.1892686376145432,0.06372538241695933,-0.17936789154264224,0.0859794141500921,-0.027398195923674644,0.015157903264684228,-0.028137975656045717,0.020894687308116538
80,0.8,0.07373115342673126,0.022762288227368716,0.03871754314930723,0.017199454388057575,-0.18632519675398848,0.06273443004508332,-0.1765784408746621,0.08464235766390743,-0.026972113828854043,0.014922201444993087,-0.027700394258942933,0.020569750664721203
81,0.81,0.07254738900412636,0.022396871732091934,0.03809592583093161,0.016923332213049945,-0.1833337062017772,0.06172729810104087,-0.17374345368335503,0.08328347230184503,-0.02653907604152489,0.014682650921984033,-0.027255669253115865,0.02023950928152509
82,0.82,0.07134639079997268,0.022026134108488225,0.03746525877800765,0.016643189510663105,-0.18029866460390673,0.06070550113674034,-0.1708671932654403,0.08190480158492353,-0.02609973377089435,0.014439611939623924,-0.02680446942404238,0.019904459781786368
83,0.83,0.07012991261171933,0.0216506167439575,0.03682646294276453,0.016359435371355674,-0.17722450397848827,0.05967053127737683,-0.16795385977644917,0.08050835877205612,-0.025654728581649317,0.014193439408130332,-0.026347453652691432,0.0195650914340474
84,0.84,0.06889967955361079,0.021270852173599964,0.036180444215247264,0.01607247219597896,-0.17411558385762377,0.05862385624913277,-0.16500758467905904,0.07909612419894226,-0.025204691545950036,0.013944482434842823,-0.025885270044625014,0.019221885505426556
85,0.85,0.06765738586538488,0.020887363403748017,0.03552809227262404,0.015782695184620967,-0.17097618574977985,0.05756691751476795,-0.1620324254951604,0.0776700427625353,-0.024750242441816925,0.013693083880754763,-0.025418555106744685,0.018875314650289677
86,0.86,0.06640469284950233,0.020500663275169417,0.034870279495987845,0.015490491855428971,-0.16781050792697727,0.05650112851855066,-0.15903236086573677,0.0762320215530475,-0.024291988998535886,0.013439579943050992,-0.02494793297232455,0.018525842334777227
87,0.87,0.06514322693820321,0.0201112538663422,0.034207859955332626,0.015196241593712754,-0.16462266054006575,0.05542787304163394,-0.1560112859216679,0.07478392763498083,-0.023830526189555307,0.013184299763913996,-0.024474014674817343,0.018173922297548877
88,0.88,0.06387457789128595,0.01971962593707761,0.033541668463175196,0.014900315231537599,-0.1614166610643513,0.05434850366863831,-0.1529730079675991,0.07332758597820987,-0.02336643557320294,0.012927565065779802,-0.023997397470769854,0.017819998046995262
89,0.89,0.06260029712511082,0.019326258412646846,0.03287251969708516,0.014603074657924422,-0.15819643007684067,0.053264340365869814,-0.1499212424800766,0.07186477753969651,-0.022900284681406223,0.012669689813145615,-0.02351866421203683,0.017464502395057244
90,0.9,0.061321896172948955,0.018931617908448477,0.03220120739118746,0.014304872459684974,-0.15496578736541186,0.052176669171275704,-0.14685960942024148,0.07039723749597228,-0.022432626456459916,0.012410979900953608,-0.02303838276733872,0.017107857027686187
91,0.91,0.06004084527642477,0.018536158295139635,0.03152850359650464,0.014006051592833912,-0.1517284483692712,0.051086740995924494,-0.14379162986047778,0.06892665362610244,-0.021963998735749675,0.012151732869500269,-0.022557105493068177,0.01675047211187519
92,0.92,0.058758572107442314,0.018140320304042744,0.030855158009818973,0.013706945084435426,-0.148488020949158,0.04999577053649261,-0.1407207229235541,0.06745466484443069,-0.021494923784207594,0.01189223764574816,-0.022075368753117233,0.01639274593909133
93,0.93,0.057476460619639486,0.017744531172532902,0.030181897370551894,0.013407875764661603,-0.14524800248487998,0.04890493529794393,-0.13765020303196984,0.06598285988200793,-0.021025907874151064,0.011632774310846729,-0.021593692487365288,0.016035064604842077
94,0.94,0.0561958500280813,0.017349204329008695,0.029509424924984803,0.01310915602876211,-0.14201177729692227,0.047815374725307835,-0.13458327746442103,0.06451277611522692,-0.020557440912032505,0.011373613893601711,-0.021112579828344125,0.015677801724016643
95,0.95,0.054918033915586834,0.01695473911695073,0.028838419956977515,0.012811087628570781,-0.13878261438807352,0.046728189443188836,-0.1315230442155373,0.0630458985398189,-0.020089996111513728,0.011115018189568511,-0.020632516765477088,0.015321318181554243
96,0.96,0.05364425946378129,0.0165615205574794,0.02816953738418246,0.012513961493104265,-0.1355636655002462,0.04564444060138634,-0.12847249015432377,0.0615836588880234,-0.01962402971216592,0.010857239605383482,-0.02015397185617508,0.014965961917907217
97,0.97,0.05237572680667853,0.01616991914973444,0.027503407418601876,0.012218057577740634,-0.13235796348094409,0.044565149324756644,-0.1254344894760488,0.060127434886411105,-0.01915998074299299,0.01060052102788926,-0.019677395982965338,0.014612067748686461
98,0.98,0.05111358850432866,0.015780290708315655,0.026840635290193808,0.011923644741403337,-0.1291684209531455,0.04349129626522103,-0.12241180244167368,0.058678549651530895,-0.018698270829876074,0.010345095717555482,-0.019203222155726472,0.014259957217801638
99,0.99,0.049858949133812024,0.015392976236945745,0.026181801032098634,0.011630980651116314,-0.125997829281734,0.042423821253607455,-0.1194070743983154,0.05723827122026022,-0.018239304045945145,0.010091187225645023,-0.018731865358008665,0.013909938483337879
100,1.0,0.04861286499462341,0.015008301837443339,0.025527459325934587,0.011340311713241003,-0.12284885782900636,0.0413636230488114,-0.11642283507365998,0.055807812211466676,-0.01778346680379578,0.009839009334527726,-0.01826372243632882,0.013562306235344278
101,1.01,0.04737634392527262,0.014626578653026166,0.02487813940549477,0.011051873030654878,-0.11972405349123263,0.040311559181576084,-0.11346149813672808,0.05438832961533625,-0.01733112778839049,0.009588766020499481,-0.017799172031247666,0.013217341644648675
102,1.02,0.04615034522772324,0.014248102844902482,0.02423434501707226,0.010765888385083886,-0.11662584050773686,0.039268445890018835,-0.11052536101689989,0.052980924706492814,-0.01688263792940891,0.009340651438423534,-0.017338574548960404,0.012875312341756638
103,1.03,0.044935779696109304,0.013873155601051602,0.02359655443454363,0.01048257024375826,-0.1135565205334972,0.03823505814387492,-0.1076166049726753,0.05158664307682071,-0.01643833041174398,0.009094849927473461,-0.016882272172063045,0.012536472424841301
104,1.04,0.043733509746001244,0.013502003176042885,0.022965220527252514,0.01020211978952229,-0.11051827296584467,0.03721212975428754,-0.1047372954012386,0.05020647478371134,-0.015998520722780712,0.008851536037223731,-0.016430588908093756,0.012201062495783946
105,1.05,0.042544349640343954,0.013134896960696724,0.022340770878657816,0.009924726973493657,-0.10751315551546149,0.03620035356584529,-0.10188938237954137,0.04884135460928369,-0.015563506735038903,0.00861087457330336,-0.015983830674393008,0.011869309723183842
106,1.06,0.04136906580805738,0.012772073580349975,0.021723607953640728,0.00965057058933733,-0.10454310501154634,0.035200381727457285,-0.09907470142730398,0.04749216242597599,-0.015133568822713285,0.00837302066180152,-0.015542285417775678,0.011541427931218816
107,1.07,0.04020837725117695,0.012413755020453443,0.021114109312305587,0.009379818368192398,-0.10160993843072966,0.03421282603855808,-0.09629497448205863,0.04615972366377662,-0.014708970010602751,0.008138119831590964,-0.015106223267466848,0.011217617713206349
108,1.08,0.03906295603631163,0.012060148778198335,0.020512627868057458,0.009112627093267127,-0.09871535413906618,0.0332382583670513,-0.09355181107612556,0.044844809874247896,-0.014289956153884379,0.007906308113715144,-0.014675896719714837,0.010898066568687588
109,1.09,0.03793342786611886,0.011711448038844304,0.01991949218769816,0.008849142733099198,-0.09586093333623777,0.03227721113533312,-0.09084670970521988,0.04354813938640574,-0.013876756147158845,0.007677712156968763,-0.014251540852465943,0.010582949062834336
110,1.1,0.03682037272643014,0.011367831875401472,0.01933500683124774,0.008589500592462754,-0.09304814169093369,0.0313301778706816,-0.08818105937823538,0.0422703780494441,-0.013469582161170078,0.007452449358788485,-0.013833373568460414,0.010272427006961113
111,1.11,0.03572432560461314,0.011029465470304124,0.01875945272917362,0.008333825479892776,-0.09027833115625059,0.03039761381625683,-0.0855561413376306,0.04101214005723681,-0.01306862990558442,0.007230628010560639,-0.013421595865091708,0.00996664965891091
112,1.12,0.03464577727472463,0.010696500357703798,0.018193087594692747,0.008082231890789804,-0.08755274195387946,0.029479936598929748,-0.08297313093977322,0.03977398884951407,-0.012674078916203034,0.0070123474564464956,-0.013016392129358498,0.009665753942074343
113,1.13,0.03358517514499017,0.010369074685003993,0.017636146368802494,0.007834824205063878,-0.0848725047157979,0.028577526950142238,-0.0804330996845498,0.03855643808458923,-0.01228609286497446,0.006797698264821784,-0.012617930456232714,0.009369864681796958
114,1.14,0.03254292416314405,0.010047313492258077,0.017088841695695328,0.007591696898276028,-0.08223864277218039,0.027690729475999057,-0.07793701738354579,0.03735995267850944,-0.011904819891173694,0.006586762411426944,-0.01222636298876558,0.009079094857928835
115,1.15,0.03151938777517599,0.00973132900805539,0.016551364426217952,0.007352934765238347,-0.07965207457427062,0.026819853472802517,-0.07548575445612828,0.0361849499055171,-0.011530392952118124,0.006379613473326699,-0.01184182627825824,0.008793545872273718
116,1.16,0.030514888933053392,0.009421220960528285,0.016023884147048383,0.00711861315503933,-0.0771136162410207,0.025965173784260505,-0.07308008434282057,0.03503180055473673,-0.011162930191800056,0.006176316832782674,-0.011464441662832853,0.008513307829701946
117,1.17,0.029529711147028157,0.00911707690212452,0.015506549733285326,0.006888798216470238,-0.07462398421839811,0.02512693169663254,-0.0707206860254535,0.03390083013804632,-0.010802535325828913,0.005976929890150413,-0.011094315662754066,0.008238459831702004
118,1.18,0.028564099578186685,0.008818972546804991,0.014999489922169654,0.006663547152839864,-0.07218379804039005,0.024305335868119952,-0.06840814664369323,0.03279232014414964,-0.01044929804109538,0.005781502284922348,-0.010731540390870084,0.007969070281159587
119,1.19,0.02761826216696236,0.008526972118345622,0.01450281390569047,0.006442908485179244,-0.06979358318088784,0.023500563288859234,-0.06614296419769757,0.03170650933393621,-0.01010329440859137,0.0055900761240506355,-0.010376193976565177,0.007705197197170104
120,1.2,0.02669237079340421,0.008241128708444947,0.014016611939866874,0.006226922322855282,-0.06745377398582181,0.022712760267939336,-0.06392555032682423,0.030643595072300064,-0.0097645873078472,0.005402686216698681,-0.010028341001643334,0.007446888538711097
121,1.21,0.025786562465077028,0.00796148464336425,0.01354095596853906,0.006015620640631084,-0.06516471667512061,0.02194204344393433,-0.06175623315451453,0.02960373469168269,-0.009433226861476999,0.005219360314586675,-0.009688032946593478,0.007194182536023884
122,1.22,0.02490094052856095,0.007688071857855782,0.01307590025955242,0.005809027561232716,-0.06292667240431041,0.021188500815521285,-0.059635260189695574,0.028587046882712103,-0.009109250878357563,0.005040119357115415,-0.009355308645721596,0.006947108028579792
123,1.23,0.024035575900620946,0.007420912275165854,0.012621482051269872,0.005607159642505563,-0.06073982037581802,0.02045219278883958,-0.0575628012752898,0.02759361310742655,-0.008792685304002928,0.00486497772047304,-0.009030194749673327,0.006705684808534423
124,1.24,0.023190508315223603,0.007160018191933157,0.012177722207406228,0.005410026168268951,-0.058604260990322364,0.019733153238340448,-0.05553895157467835,0.02662347903069558,-0.008483544676736498,0.004693943469951353,-0.008712706193911077,0.006469923968603905
125,1.25,0.022365747582697763,0.006905392666838914,0.011744625878239235,0.005217629442004935,-0.05652001902879268,0.01903139057797541,-0.05356373458724774,0.025676655965586836,-0.008181832588305975,0.004527018614722218,-0.008402846671754323,0.0062398282533297185
126,1.26,0.02156127485745771,0.006657029911903382,0.011322183166316733,0.005029965082546076,-0.054487046856164255,0.01834688883967658,-0.051637105184443186,0.02475312232856745,-0.007887542147630797,0.004364199364349285,-0.008100609110637468,0.006015392412733085
127,1.27,0.02077704391083663,0.006414915685363204,0.010910369794847472,0.004847022320956812,-0.05250522763792699,0.017679608756192434,-0.049758952658061746,0.023852825100577284,-0.007600656446419406,0.004205476386336545,-0.007805976150288574,0.00579660355739586
128,1.28,0.02001298240571375,0.00617902768510553,0.010509147777033294,0.004668784297834888,-0.0505743785612459,0.01702948884545634,-0.0479291037728409,0.02297568129016661,-0.007321149025442959,0.004050835064042415,-0.0075189206215826995,0.005583441514042614
129,1.29,0.0192689931697568,0.0059493359416780195,0.010118466084674283,0.00449522836029141,-0.04869425405258058,0.01639644649378452,-0.04614732581573164,0.02212157939504958,-0.007048984340302819,0.0039002557543162653,-0.007239406024875907,0.005375879180737217
130,1.3,0.018544955464244513,0.0057258032099376166,0.00973826131445279,0.004326326357901529,-0.04686454898413457,0.015780379035320695,-0.04441332963458744,0.021290380858589603,-0.00678411822558159,0.003753714044243087,-0.006967387006679601,0.005173882880847259
131,1.31,0.01784072624558056,0.005508385358446381,0.009368458350379328,0.004162044936951948,-0.045084901861833615,0.015181164825269565,-0.042726772659349196,0.02048192151789994,-0.0065264983563207484,0.0036111810064117034,-0.006702809833589961,0.004977412714970266
132,1.32,0.01715614141675869,0.005297031755768452,0.009008971020961555,0.004002345832345999,-0.04335489798790864,0.014598664304587946,-0.04108726189916629,0.019696013040414337,-0.006276064705822708,0.003472623452151998,-0.006445612862442931,0.00478642291005739
133,1.33,0.01649101706618924,0.005091685652868708,0.008659702749736384,0.00384718615656229,-0.04167407259153864,0.014032721053930091,-0.03949435690924907,0.018932444345954643,-0.006032749998829758,0.003338004182217025,-0.006195727005721923,0.0046008621650120065
134,1.34,0.015845150691449993,0.004892284560860702,0.00832054719788542,0.0036965186850982674,-0.04004191392139485,0.013483162834773358,-0.037947572721617695,0.018190983011497474,-0.005796480159188475,0.003207282234416763,-0.005953076191302555,0.004420673992083359
135,1.35,0.015218322405676325,0.004698760623398383,0.0079913888977338,0.003550292137865777,-0.038457866294311055,0.012949802615780099,-0.03644638273427392,0.017471376656016776,-0.005567174751163532,0.0030804131277410263,-0.0057175778156758365,0.0042457970534176565
136,1.36,0.014610296124458605,0.004511040983053553,0.007672103876012923,0.0034084514560412363,-0.03692133309469372,0.012432439582581991,-0.034990221553691206,0.016773354302955106,-0.0053447474136211984,0.0029573491025400933,-0.0054891431898491175,0.00407616549217199
137,1.37,0.014020820731267775,0.004329048141067875,0.007362560265847762,0.003270938073908681,-0.03543167971966875,0.011930860129302301,-0.03357848778588154,0.016096627718051013,-0.005129106286358289,0.002838039356362387,-0.005267677977180902,0.003911709257638774
138,1.38,0.013449631219580909,0.004152700309915147,0.0070626189065088486,0.003137690185269337,-0.03398823646534653,0.011444838830261022,-0.03221054677166269,0.015440892720424343,-0.00492015442790805,0.0027224302750792945,-0.005053082622462926,0.003752354423870785
139,1.39,0.012896449810029477,0.00398191175815585,0.006772133930048003,0.0030086430040262586,-0.032590301349965566,0.01097413939043522,-0.030885733262106967,0.014805830464993345,-0.004717790224209148,0.0026104656589574947,-0.004845252771619254,0.0035980235013387558
140,1.4,0.012360987041041318,0.0038165931471119954,0.006490953334015017,0.0028837290185874612,-0.03123714287005112,0.010518515573373764,-0.029603354030511463,0.014191108694468617,-0.0045219077875785305,0.0025020869433693893,-0.004644079681447842,0.00344863574119501
141,1.41,0.011842942831592726,0.003656651858935032,0.006218919539528788,0.002762878239764727,-0.029928002686093046,0.010077712105389117,-0.028362690417575227,0.013596382959335379,-0.004332397345482111,0.00239723341386156,-0.004449450618885023,0.0033041074317571423
142,1.42,0.011342007514832119,0.003501992315684338,0.005955869934052342,0.0026460184418790884,-0.028662098234611442,0.009651465554971872,-0.027163000806816877,0.013021297804401855,-0.004149145618649968,0.002295842415330453,-0.0042612492493272055,0.0031643521868660895
143,1.43,0.010857862841475595,0.003352516289076781,0.00570163739829455,0.0025330753968164825,-0.027438625263833186,0.009239505186492643,-0.02600352302760034,0.012465487920651563,-0.00397203618813397,0.0021978495550827554,-0.004079356013596957,0.0030292812258119074
144,1.44,0.010390182952012928,0.003208123200610415,0.005456050816733372,0.002423973100809202,-0.026256760290547673,0.008841553787372669,-0.024883476683464634,0.01192857926129541,-0.003800949850955957,0.002103188899585736,-0.003903648493192003,0.0028988036445589094
145,1.45,0.00993863531689551,0.003068710411806462,0.005218935571325834,0.002318633993749879,-0.025115662976049762,0.008457328468018256,-0.023802065403774563,0.011410190121072472,-0.0036357649640435274,0.0020117931647398416,-0.003734001763506021,0.0027728266780390537
146,1.46,0.009502881644007382,0.0029341735043537055,0.00499011401803762,0.002216979170874881,-0.024014478419402668,0.008086541433924075,-0.022758479017018097,0.010909932177996877,-0.003476357776197626,0.001923593899532,-0.003570288734758495,0.0026512559533185738
147,1.47,0.009082578752845663,0.0028044065499781196,0.004769405945891052,0.0021189285866832696,-0.022952339366572077,0.007728900729457032,-0.021751895644376663,0.010427411496892186,-0.0033226027478821594,0.001838521662953472,-0.0034123804804181974,0.00253399573347776
148,1.48,0.008677379414957737,0.0026793023698978586,0.004556629018293769,0.002024401250985673,-0.021928368334286796,0.007384110952935273,-0.020781483712484214,0.009962229494193309,-0.0031743728586699996,0.0017565061940904981,-0.003260146552950156,0.0024209491520776256
149,1.49,0.008286933160298434,0.0025587527837595274,0.0043515991964713134,0.0019333154170044446,-0.02094167964777543,0.007051873942715621,-0.019846403884568736,0.009513983863629272,-0.003031539902222158,0.0016774765753195657,-0.00311345528675953,0.00231201843811941
