,hadron,Q2,x,z,phT,Siv,tot_err,1D_dependence
0,pi+,3.014142857142857,0.036,0.3668571428571429,0.3789999999999999,0.021810401,0.0063017095,x
1,pi+,3.014142857142857,0.0384141414141414,0.3668571428571429,0.3789999999999999,0.018926265,0.005728769,x
2,pi+,3.014142857142857,0.0408282828282828,0.3668571428571429,0.3789999999999999,0.023648392,0.0053585772,x
3,pi+,3.014142857142857,0.0432424242424242,0.3668571428571429,0.3789999999999999,0.028298017,0.008185898,x
4,pi+,3.014142857142857,0.0456565656565656,0.3668571428571429,0.3789999999999999,0.025926046,0.007467338,x
5,pi+,3.014142857142857,0.048070707070707,0.3668571428571429,0.3789999999999999,0.017457075,0.0042136004,x
6,pi+,3.014142857142857,0.0504848484848484,0.3668571428571429,0.3789999999999999,0.013591441,0.0034102376,x
7,pi+,3.014142857142857,0.0528989898989899,0.3668571428571429,0.3789999999999999,0.016510567,0.0046845414,x
8,pi+,3.014142857142857,0.0553131313131313,0.3668571428571429,0.3789999999999999,0.023623165,0.0046448763,x
9,pi+,3.014142857142857,0.0577272727272727,0.3668571428571429,0.3789999999999999,0.027323756,0.0064339326,x
10,pi+,3.014142857142857,0.0601414141414141,0.3668571428571429,0.3789999999999999,0.027793942,0.0059996466,x
11,pi+,3.014142857142857,0.0625555555555555,0.3668571428571429,0.3789999999999999,0.02633612,0.005388397,x
12,pi+,3.014142857142857,0.0649696969696969,0.3668571428571429,0.3789999999999999,0.028362844,0.0071481913,x
13,pi+,3.014142857142857,0.0673838383838383,0.3668571428571429,0.3789999999999999,0.03183661,0.01073236,x
14,pi+,3.014142857142857,0.0697979797979798,0.3668571428571429,0.3789999999999999,0.03537578,0.013287987,x
15,pi+,3.014142857142857,0.0722121212121212,0.3668571428571429,0.3789999999999999,0.040452026,0.011892477,x
16,pi+,3.014142857142857,0.0746262626262626,0.3668571428571429,0.3789999999999999,0.04501885,0.0069414396,x
17,pi+,3.014142857142857,0.077040404040404,0.3668571428571429,0.3789999999999999,0.026019095,0.010003482,x
18,pi+,3.014142857142857,0.0794545454545454,0.3668571428571429,0.3789999999999999,0.0259388,0.015826678,x
19,pi+,3.014142857142857,0.0818686868686868,0.3668571428571429,0.3789999999999999,0.033725087,0.012363392,x
20,pi+,3.014142857142857,0.0842828282828282,0.3668571428571429,0.3789999999999999,0.036784332,0.008020709,x
21,pi+,3.014142857142857,0.0866969696969696,0.3668571428571429,0.3789999999999999,0.040889207,0.0071183085,x
22,pi+,3.014142857142857,0.0891111111111111,0.3668571428571429,0.3789999999999999,0.049896415,0.00804463,x
23,pi+,3.014142857142857,0.0915252525252525,0.3668571428571429,0.3789999999999999,0.051522654,0.0059025534,x
24,pi+,3.014142857142857,0.0939393939393939,0.3668571428571429,0.3789999999999999,0.04913061,0.0046754237,x
25,pi+,3.014142857142857,0.0963535353535353,0.3668571428571429,0.3789999999999999,0.049776305,0.0061657648,x
26,pi+,3.014142857142857,0.0987676767676767,0.3668571428571429,0.3789999999999999,0.042825185,0.006568858,x
27,pi+,3.014142857142857,0.1011818181818181,0.3668571428571429,0.3789999999999999,0.029884763,0.004226556,x
28,pi+,3.014142857142857,0.1035959595959596,0.3668571428571429,0.3789999999999999,0.051496297,0.008331371,x
29,pi+,3.014142857142857,0.106010101010101,0.3668571428571429,0.3789999999999999,0.06710488,0.01794172,x
30,pi+,3.014142857142857,0.1084242424242424,0.3668571428571429,0.3789999999999999,0.034901544,0.012064354,x
31,pi+,3.014142857142857,0.1108383838383838,0.3668571428571429,0.3789999999999999,0.013977561,0.020024218,x
32,pi+,3.014142857142857,0.1132525252525252,0.3668571428571429,0.3789999999999999,0.019719658,0.022578236,x
33,pi+,3.014142857142857,0.1156666666666666,0.3668571428571429,0.3789999999999999,0.030641224,0.021808974,x
34,pi+,3.014142857142857,0.118080808080808,0.3668571428571429,0.3789999999999999,0.03701653,0.007908769,x
35,pi+,3.014142857142857,0.1204949494949494,0.3668571428571429,0.3789999999999999,0.055537,0.030345276,x
36,pi+,3.014142857142857,0.1229090909090909,0.3668571428571429,0.3789999999999999,0.06297231,0.03795509,x
37,pi+,3.014142857142857,0.1253232323232323,0.3668571428571429,0.3789999999999999,0.06532331,0.03764214,x
38,pi+,3.014142857142857,0.1277373737373737,0.3668571428571429,0.3789999999999999,0.06688464,0.0367901,x
39,pi+,3.014142857142857,0.1301515151515151,0.3668571428571429,0.3789999999999999,0.06776498,0.03566908,x
40,pi+,3.014142857142857,0.1325656565656565,0.3668571428571429,0.3789999999999999,0.0680866,0.03403497,x
41,pi+,3.014142857142857,0.1349797979797979,0.3668571428571429,0.3789999999999999,0.06773067,0.032101225,x
42,pi+,3.014142857142857,0.1373939393939394,0.3668571428571429,0.3789999999999999,0.0668879,0.030101562,x
43,pi+,3.014142857142857,0.1398080808080808,0.3668571428571429,0.3789999999999999,0.06555704,0.027686208,x
44,pi+,3.014142857142857,0.1422222222222222,0.3668571428571429,0.3789999999999999,0.06374193,0.024661357,x
45,pi+,3.014142857142857,0.1446363636363636,0.3668571428571429,0.3789999999999999,0.061399665,0.021478318,x
46,pi+,3.014142857142857,0.147050505050505,0.3668571428571429,0.3789999999999999,0.05856478,0.018371044,x
47,pi+,3.014142857142857,0.1494646464646464,0.3668571428571429,0.3789999999999999,0.055357464,0.015503756,x
48,pi+,3.014142857142857,0.1518787878787879,0.3668571428571429,0.3789999999999999,0.051872544,0.012851489,x
49,pi+,3.014142857142857,0.1542929292929293,0.3668571428571429,0.3789999999999999,0.048061028,0.010333194,x
50,pi+,3.014142857142857,0.1567070707070707,0.3668571428571429,0.3789999999999999,0.04355802,0.007775139,x
51,pi+,3.014142857142857,0.1591212121212121,0.3668571428571429,0.3789999999999999,0.034562226,0.006254303,x
52,pi+,3.014142857142857,0.1615353535353535,0.3668571428571429,0.3789999999999999,0.025769934,0.0075163743,x
53,pi+,3.014142857142857,0.1639494949494949,0.3668571428571429,0.3789999999999999,0.024694566,0.008400758,x
54,pi+,3.014142857142857,0.1663636363636363,0.3668571428571429,0.3789999999999999,0.02487843,0.009854591,x
55,pi+,3.014142857142857,0.1687777777777777,0.3668571428571429,0.3789999999999999,0.025519017,0.011867838,x
56,pi+,3.014142857142857,0.1711919191919192,0.3668571428571429,0.3789999999999999,0.026470844,0.014213556,x
57,pi+,3.014142857142857,0.1736060606060606,0.3668571428571429,0.3789999999999999,0.027666569,0.016696276,x
58,pi+,3.014142857142857,0.176020202020202,0.3668571428571429,0.3789999999999999,0.02900109,0.019206256,x
59,pi+,3.014142857142857,0.1784343434343434,0.3668571428571429,0.3789999999999999,0.030446181,0.021645535,x
60,pi+,3.014142857142857,0.1808484848484848,0.3668571428571429,0.3789999999999999,0.031982645,0.023969518,x
61,pi+,3.014142857142857,0.1832626262626262,0.3668571428571429,0.3789999999999999,0.033620767,0.026121018,x
62,pi+,3.014142857142857,0.1856767676767677,0.3668571428571429,0.3789999999999999,0.035322882,0.028145975,x
63,pi+,3.014142857142857,0.1880909090909091,0.3668571428571429,0.3789999999999999,0.037066717,0.029990692,x
64,pi+,3.014142857142857,0.1905050505050505,0.3668571428571429,0.3789999999999999,0.038841005,0.031685185,x
65,pi+,3.014142857142857,0.1929191919191919,0.3668571428571429,0.3789999999999999,0.04062927,0.033211082,x
66,pi+,3.014142857142857,0.1953333333333333,0.3668571428571429,0.3789999999999999,0.042427316,0.034538757,x
67,pi+,3.014142857142857,0.1977474747474747,0.3668571428571429,0.3789999999999999,0.04422165,0.03575477,x
68,pi+,3.014142857142857,0.2001616161616161,0.3668571428571429,0.3789999999999999,0.04599857,0.03686592,x
69,pi+,3.014142857142857,0.2025757575757575,0.3668571428571429,0.3789999999999999,0.04774309,0.03788494,x
70,pi+,3.014142857142857,0.204989898989899,0.3668571428571429,0.3789999999999999,0.049475778,0.03871794,x
71,pi+,3.014142857142857,0.2074040404040404,0.3668571428571429,0.3789999999999999,0.05115429,0.03930332,x
72,pi+,3.014142857142857,0.2098181818181818,0.3668571428571429,0.3789999999999999,0.052805953,0.039718483,x
73,pi+,3.014142857142857,0.2122323232323232,0.3668571428571429,0.3789999999999999,0.054425344,0.03993939,x
74,pi+,3.014142857142857,0.2146464646464646,0.3668571428571429,0.3789999999999999,0.05605374,0.03999112,x
75,pi+,3.014142857142857,0.217060606060606,0.3668571428571429,0.3789999999999999,0.05768951,0.039905008,x
76,pi+,3.014142857142857,0.2194747474747475,0.3668571428571429,0.3789999999999999,0.05931546,0.039772082,x
77,pi+,3.014142857142857,0.2218888888888888,0.3668571428571429,0.3789999999999999,0.060920216,0.039536167,x
78,pi+,3.014142857142857,0.2243030303030303,0.3668571428571429,0.3789999999999999,0.062474027,0.03918209,x
79,pi+,3.014142857142857,0.2267171717171717,0.3668571428571429,0.3789999999999999,0.06397168,0.03868197,x
80,pi+,3.014142857142857,0.2291313131313131,0.3668571428571429,0.3789999999999999,0.06544793,0.03804526,x
81,pi+,3.014142857142857,0.2315454545454545,0.3668571428571429,0.3789999999999999,0.06685787,0.037255485,x
82,pi+,3.014142857142857,0.2339595959595959,0.3668571428571429,0.3789999999999999,0.068167396,0.036346775,x
83,pi+,3.014142857142857,0.2363737373737373,0.3668571428571429,0.3789999999999999,0.06935338,0.035364766,x
84,pi+,3.014142857142857,0.2387878787878788,0.3668571428571429,0.3789999999999999,0.070431426,0.034361087,x
85,pi+,3.014142857142857,0.2412020202020202,0.3668571428571429,0.3789999999999999,0.07138998,0.033365503,x
86,pi+,3.014142857142857,0.2436161616161616,0.3668571428571429,0.3789999999999999,0.072310194,0.03213192,x
87,pi+,3.014142857142857,0.246030303030303,0.3668571428571429,0.3789999999999999,0.07295448,0.030627705,x
88,pi+,3.014142857142857,0.2484444444444444,0.3668571428571429,0.3789999999999999,0.0726465,0.02805746,x
89,pi+,3.014142857142857,0.2508585858585858,0.3668571428571429,0.3789999999999999,0.06742994,0.01734461,x
90,pi+,3.014142857142857,0.2532727272727272,0.3668571428571429,0.3789999999999999,0.062441666,0.011759711,x
91,pi+,3.014142857142857,0.2556868686868687,0.3668571428571429,0.3789999999999999,0.059260648,0.0128855165,x
92,pi+,3.014142857142857,0.2581010101010101,0.3668571428571429,0.3789999999999999,0.055458248,0.014868509,x
93,pi+,3.014142857142857,0.2605151515151515,0.3668571428571429,0.3789999999999999,0.051270157,0.0162979,x
94,pi+,3.014142857142857,0.2629292929292929,0.3668571428571429,0.3789999999999999,0.047119055,0.01690656,x
95,pi+,3.014142857142857,0.2653434343434343,0.3668571428571429,0.3789999999999999,0.043253705,0.016908115,x
96,pi+,3.014142857142857,0.2677575757575757,0.3668571428571429,0.3789999999999999,0.039640103,0.016621407,x
97,pi+,3.014142857142857,0.2701717171717172,0.3668571428571429,0.3789999999999999,0.036286034,0.016079104,x
98,pi+,3.014142857142857,0.2725858585858586,0.3668571428571429,0.3789999999999999,0.033178076,0.015357961,x
99,pi+,3.014142857142857,0.275,0.3668571428571429,0.3789999999999999,0.030290285,0.014551175,x
100,pi-,2.996714285714286,0.035,0.358,0.3777142857142856,0.010635848,0.010596778,x
101,pi-,2.996714285714286,0.0374242424242424,0.358,0.3777142857142856,0.0016764208,0.0068476163,x
102,pi-,2.996714285714286,0.0398484848484848,0.358,0.3777142857142856,-0.0026016245,0.0042250487,x
103,pi-,2.996714285714286,0.0422727272727272,0.358,0.3777142857142856,0.0014053324,0.005977644,x
104,pi-,2.996714285714286,0.0446969696969697,0.358,0.3777142857142856,-0.0016739578,0.0031216303,x
105,pi-,2.996714285714286,0.0471212121212121,0.358,0.3777142857142856,-0.002231262,0.0034746067,x
106,pi-,2.996714285714286,0.0495454545454545,0.358,0.3777142857142856,-0.0007565876,0.004030873,x
107,pi-,2.996714285714286,0.0519696969696969,0.358,0.3777142857142856,0.0045654513,0.011544496,x
108,pi-,2.996714285714286,0.0543939393939394,0.358,0.3777142857142856,0.003384008,0.011186048,x
109,pi-,2.996714285714286,0.0568181818181818,0.358,0.3777142857142856,0.010440961,0.0074629434,x
110,pi-,2.996714285714286,0.0592424242424242,0.358,0.3777142857142856,0.006007311,0.0068618087,x
111,pi-,2.996714285714286,0.0616666666666666,0.358,0.3777142857142856,-0.0011097842,0.0054562693,x
112,pi-,2.996714285714286,0.064090909090909,0.358,0.3777142857142856,-0.0071971714,0.006430083,x
113,pi-,2.996714285714286,0.0665151515151515,0.358,0.3777142857142856,-0.010915623,0.010092912,x
114,pi-,2.996714285714286,0.0689393939393939,0.358,0.3777142857142856,-0.01427757,0.013667155,x
115,pi-,2.996714285714286,0.0713636363636363,0.358,0.3777142857142856,-0.015505599,0.015908388,x
116,pi-,2.996714285714286,0.0737878787878787,0.358,0.3777142857142856,-0.00023227607,0.011442889,x
117,pi-,2.996714285714286,0.0762121212121212,0.358,0.3777142857142856,0.0076991306,0.0048651984,x
118,pi-,2.996714285714286,0.0786363636363636,0.358,0.3777142857142856,0.0048181238,0.014212202,x
119,pi-,2.996714285714286,0.081060606060606,0.358,0.3777142857142856,0.0048791505,0.005850696,x
120,pi-,2.996714285714286,0.0834848484848485,0.358,0.3777142857142856,0.007047779,0.008392905,x
121,pi-,2.996714285714286,0.0859090909090909,0.358,0.3777142857142856,-0.00094689376,0.0064405245,x
122,pi-,2.996714285714286,0.0883333333333333,0.358,0.3777142857142856,0.0031832953,0.011502925,x
123,pi-,2.996714285714286,0.0907575757575757,0.358,0.3777142857142856,0.00418311,0.0074536772,x
124,pi-,2.996714285714286,0.0931818181818181,0.358,0.3777142857142856,-0.0010390646,0.00517141,x
125,pi-,2.996714285714286,0.0956060606060606,0.358,0.3777142857142856,0.009143729,0.009254948,x
126,pi-,2.996714285714286,0.098030303030303,0.358,0.3777142857142856,0.00846276,0.005439883,x
127,pi-,2.996714285714286,0.1004545454545454,0.358,0.3777142857142856,-0.0061467113,0.005639181,x
128,pi-,2.996714285714286,0.1028787878787878,0.358,0.3777142857142856,0.015623769,0.010530752,x
129,pi-,2.996714285714286,0.1053030303030303,0.358,0.3777142857142856,0.030023297,0.020912828,x
130,pi-,2.996714285714286,0.1077272727272727,0.358,0.3777142857142856,0.008294443,0.028113374,x
131,pi-,2.996714285714286,0.1101515151515151,0.358,0.3777142857142856,-0.024770483,0.049052294,x
132,pi-,2.996714285714286,0.1125757575757575,0.358,0.3777142857142856,-0.0013952131,0.039438993,x
133,pi-,2.996714285714286,0.115,0.358,0.3777142857142856,0.013800531,0.04394372,x
134,pi-,2.996714285714286,0.1174242424242424,0.358,0.3777142857142856,0.0032304826,0.012531858,x
135,pi-,2.996714285714286,0.1198484848484848,0.358,0.3777142857142856,0.010452158,0.032506097,x
136,pi-,2.996714285714286,0.1222727272727272,0.358,0.3777142857142856,0.024945179,0.05521651,x
137,pi-,2.996714285714286,0.1246969696969697,0.358,0.3777142857142856,0.030692913,0.058554564,x
138,pi-,2.996714285714286,0.1271212121212121,0.358,0.3777142857142856,0.03553587,0.059262633,x
139,pi-,2.996714285714286,0.1295454545454545,0.358,0.3777142857142856,0.039208885,0.058571644,x
140,pi-,2.996714285714286,0.1319696969696969,0.358,0.3777142857142856,0.041971993,0.05605661,x
141,pi-,2.996714285714286,0.1343939393939394,0.358,0.3777142857142856,0.04362029,0.052257836,x
142,pi-,2.996714285714286,0.1368181818181818,0.358,0.3777142857142856,0.044372715,0.047848728,x
143,pi-,2.996714285714286,0.1392424242424242,0.358,0.3777142857142856,0.04432955,0.04305759,x
144,pi-,2.996714285714286,0.1416666666666666,0.358,0.3777142857142856,0.043358643,0.037741035,x
145,pi-,2.996714285714286,0.1440909090909091,0.358,0.3777142857142856,0.041561365,0.032347817,x
146,pi-,2.996714285714286,0.1465151515151515,0.358,0.3777142857142856,0.038889326,0.027034339,x
147,pi-,2.996714285714286,0.1489393939393939,0.358,0.3777142857142856,0.035452068,0.021868164,x
148,pi-,2.996714285714286,0.1513636363636363,0.358,0.3777142857142856,0.031314787,0.016729208,x
149,pi-,2.996714285714286,0.1537878787878788,0.358,0.3777142857142856,0.026594885,0.012248674,x
150,pi-,2.996714285714286,0.1562121212121212,0.358,0.3777142857142856,0.02072019,0.008736838,x
151,pi-,2.996714285714286,0.1586363636363636,0.358,0.3777142857142856,0.009071178,0.0075666825,x
152,pi-,2.996714285714286,0.161060606060606,0.358,0.3777142857142856,-0.0058867056,0.0076102586,x
153,pi-,2.996714285714286,0.1634848484848484,0.358,0.3777142857142856,-0.011244566,0.009329805,x
154,pi-,2.996714285714286,0.1659090909090909,0.358,0.3777142857142856,-0.014595582,0.012488735,x
155,pi-,2.996714285714286,0.1683333333333333,0.358,0.3777142857142856,-0.017356666,0.016275987,x
156,pi-,2.996714285714286,0.1707575757575757,0.358,0.3777142857142856,-0.019634675,0.020255994,x
157,pi-,2.996714285714286,0.1731818181818182,0.358,0.3777142857142856,-0.021500032,0.024283262,x
158,pi-,2.996714285714286,0.1756060606060606,0.358,0.3777142857142856,-0.023054158,0.028220102,x
159,pi-,2.996714285714286,0.178030303030303,0.358,0.3777142857142856,-0.024319729,0.032012694,x
160,pi-,2.996714285714286,0.1804545454545454,0.358,0.3777142857142856,-0.025287686,0.035559464,x
161,pi-,2.996714285714286,0.1828787878787879,0.358,0.3777142857142856,-0.025951853,0.03878348,x
162,pi-,2.996714285714286,0.1853030303030303,0.358,0.3777142857142856,-0.026371658,0.04176509,x
163,pi-,2.996714285714286,0.1877272727272727,0.358,0.3777142857142856,-0.02656635,0.044338036,x
164,pi-,2.996714285714286,0.1901515151515151,0.358,0.3777142857142856,-0.026587592,0.046680313,x
165,pi-,2.996714285714286,0.1925757575757575,0.358,0.3777142857142856,-0.02646443,0.048794888,x
166,pi-,2.996714285714286,0.195,0.358,0.3777142857142856,-0.026201488,0.050678343,x
167,pi-,2.996714285714286,0.1974242424242424,0.358,0.3777142857142856,-0.025815109,0.052348275,x
168,pi-,2.996714285714286,0.1998484848484848,0.358,0.3777142857142856,-0.025328824,0.053828076,x
169,pi-,2.996714285714286,0.2022727272727272,0.358,0.3777142857142856,-0.024774093,0.055177733,x
170,pi-,2.996714285714286,0.2046969696969697,0.358,0.3777142857142856,-0.024125325,0.05631958,x
171,pi-,2.996714285714286,0.2071212121212121,0.358,0.3777142857142856,-0.023402546,0.05721276,x
172,pi-,2.996714285714286,0.2095454545454545,0.358,0.3777142857142856,-0.022592569,0.057805065,x
173,pi-,2.996714285714286,0.2119696969696969,0.358,0.3777142857142856,-0.021729464,0.058141395,x
174,pi-,2.996714285714286,0.2143939393939394,0.358,0.3777142857142856,-0.020742184,0.058209196,x
175,pi-,2.996714285714286,0.2168181818181818,0.358,0.3777142857142856,-0.019632217,0.05805625,x
176,pi-,2.996714285714286,0.2192424242424242,0.358,0.3777142857142856,-0.01844587,0.057760946,x
177,pi-,2.996714285714286,0.2216666666666666,0.358,0.3777142857142856,-0.017160658,0.05722113,x
178,pi-,2.996714285714286,0.2240909090909091,0.358,0.3777142857142856,-0.015818225,0.0564278,x
179,pi-,2.996714285714286,0.2265151515151515,0.358,0.3777142857142856,-0.0144443605,0.055440683,x
180,pi-,2.996714285714286,0.2289393939393939,0.358,0.3777142857142856,-0.012997848,0.054259937,x
181,pi-,2.996714285714286,0.2313636363636363,0.358,0.3777142857142856,-0.011513375,0.052874796,x
182,pi-,2.996714285714286,0.2337878787878788,0.358,0.3777142857142856,-0.010049559,0.051279597,x
183,pi-,2.996714285714286,0.2362121212121212,0.358,0.3777142857142856,-0.008597848,0.04945183,x
184,pi-,2.996714285714286,0.2386363636363636,0.358,0.3777142857142856,-0.007174314,0.047499508,x
185,pi-,2.996714285714286,0.241060606060606,0.358,0.3777142857142856,-0.005791099,0.045471326,x
186,pi-,2.996714285714286,0.2434848484848485,0.358,0.3777142857142856,-0.0041416218,0.04251628,x
187,pi-,2.996714285714286,0.2459090909090909,0.358,0.3777142857142856,-0.00262145,0.03925541,x
188,pi-,2.996714285714286,0.2483333333333333,0.358,0.3777142857142856,-0.0019034864,0.034838866,x
189,pi-,2.996714285714286,0.2507575757575757,0.358,0.3777142857142856,-0.0053690556,0.01876037,x
190,pi-,2.996714285714286,0.2531818181818182,0.358,0.3777142857142856,-0.008744434,0.013999109,x
191,pi-,2.996714285714286,0.2556060606060606,0.358,0.3777142857142856,-0.009397218,0.020198038,x
192,pi-,2.996714285714286,0.258030303030303,0.358,0.3777142857142856,-0.00730054,0.0248641,x
193,pi-,2.996714285714286,0.2604545454545455,0.358,0.3777142857142856,-0.004027781,0.027490918,x
194,pi-,2.996714285714286,0.2628787878787879,0.358,0.3777142857142856,-7.001476e-05,0.02818994,x
195,pi-,2.996714285714286,0.2653030303030303,0.358,0.3777142857142856,0.0043198997,0.027690917,x
196,pi-,2.996714285714286,0.2677272727272727,0.358,0.3777142857142856,0.008773122,0.026627623,x
197,pi-,2.996714285714286,0.2701515151515151,0.358,0.3777142857142856,0.0130925365,0.025250372,x
198,pi-,2.996714285714286,0.2725757575757576,0.358,0.3777142857142856,0.017131155,0.023516301,x
199,pi-,2.996714285714286,0.275,0.358,0.3777142857142856,0.020701027,0.02157917,x
200,pi0,3.255714285714286,0.035,0.4054285714285714,0.4161428571428571,0.021419305,0.010898026,x
201,pi0,3.255714285714286,0.0374040404040404,0.4054285714285714,0.4161428571428571,0.013000313,0.0068938537,x
202,pi0,3.255714285714286,0.0398080808080808,0.4054285714285714,0.4161428571428571,0.01128591,0.003479082,x
203,pi0,3.255714285714286,0.0422121212121212,0.4054285714285714,0.4161428571428571,0.01822816,0.00830556,x
204,pi0,3.255714285714286,0.0446161616161616,0.4054285714285714,0.4161428571428571,0.016531315,0.005728914,x
205,pi0,3.255714285714286,0.047020202020202,0.4054285714285714,0.4161428571428571,0.01216208,0.004286844,x
206,pi0,3.255714285714286,0.0494242424242424,0.4054285714285714,0.4161428571428571,0.008587176,0.0029558153,x
207,pi0,3.255714285714286,0.0518282828282828,0.4054285714285714,0.4161428571428571,0.01201486,0.007832159,x
208,pi0,3.255714285714286,0.0542323232323232,0.4054285714285714,0.4161428571428571,0.012101867,0.007940961,x
209,pi0,3.255714285714286,0.0566363636363636,0.4054285714285714,0.4161428571428571,0.022052944,0.0059818365,x
210,pi0,3.255714285714286,0.059040404040404,0.4054285714285714,0.4161428571428571,0.021016445,0.0064595947,x
211,pi0,3.255714285714286,0.0614444444444444,0.4054285714285714,0.4161428571428571,0.017218173,0.0050402866,x
212,pi0,3.255714285714286,0.0638484848484848,0.4054285714285714,0.4161428571428571,0.013874206,0.005043608,x
213,pi0,3.255714285714286,0.0662525252525252,0.4054285714285714,0.4161428571428571,0.014240259,0.008665181,x
214,pi0,3.255714285714286,0.0686565656565656,0.4054285714285714,0.4161428571428571,0.014601292,0.011707324,x
215,pi0,3.255714285714286,0.071060606060606,0.4054285714285714,0.4161428571428571,0.01616343,0.013556914,x
216,pi0,3.255714285714286,0.0734646464646464,0.4054285714285714,0.4161428571428571,0.027550409,0.010071247,x
217,pi0,3.255714285714286,0.0758686868686868,0.4054285714285714,0.4161428571428571,0.023180207,0.004148572,x
218,pi0,3.255714285714286,0.0782727272727272,0.4054285714285714,0.4161428571428571,0.019435998,0.017753564,x
219,pi0,3.255714285714286,0.0806767676767676,0.4054285714285714,0.4161428571428571,0.021475298,0.009552222,x
220,pi0,3.255714285714286,0.083080808080808,0.4054285714285714,0.4161428571428571,0.027485004,0.0075051235,x
221,pi0,3.255714285714286,0.0854848484848485,0.4054285714285714,0.4161428571428571,0.023262061,0.007841937,x
222,pi0,3.255714285714286,0.0878888888888888,0.4054285714285714,0.4161428571428571,0.03211086,0.010460316,x
223,pi0,3.255714285714286,0.0902929292929293,0.4054285714285714,0.4161428571428571,0.036932457,0.0070745735,x
224,pi0,3.255714285714286,0.0926969696969697,0.4054285714285714,0.4161428571428571,0.031580634,0.0042319656,x
225,pi0,3.255714285714286,0.0951010101010101,0.4054285714285714,0.4161428571428571,0.039017074,0.008198415,x
226,pi0,3.255714285714286,0.0975050505050505,0.4054285714285714,0.4161428571428571,0.036171947,0.0048675016,x
227,pi0,3.255714285714286,0.0999090909090909,0.4054285714285714,0.4161428571428571,0.021428281,0.005885573,x
228,pi0,3.255714285714286,0.1023131313131313,0.4054285714285714,0.4161428571428571,0.035816062,0.008142189,x
229,pi0,3.255714285714286,0.1047171717171717,0.4054285714285714,0.4161428571428571,0.050179962,0.013303395,x
230,pi0,3.255714285714286,0.1071212121212121,0.4054285714285714,0.4161428571428571,0.051973805,0.018137116,x
231,pi0,3.255714285714286,0.1095252525252525,0.4054285714285714,0.4161428571428571,0.005456809,0.029596945,x
232,pi0,3.255714285714286,0.1119292929292929,0.4054285714285714,0.4161428571428571,0.010941114,0.028443407,x
233,pi0,3.255714285714286,0.1143333333333333,0.4054285714285714,0.4161428571428571,0.019630777,0.033896267,x
234,pi0,3.255714285714286,0.1167373737373737,0.4054285714285714,0.4161428571428571,0.028674224,0.020100622,x
235,pi0,3.255714285714286,0.1191414141414141,0.4054285714285714,0.4161428571428571,0.032592714,0.018429365,x
236,pi0,3.255714285714286,0.1215454545454545,0.4054285714285714,0.4161428571428571,0.05223503,0.04696482,x
237,pi0,3.255714285714286,0.1239494949494949,0.4054285714285714,0.4161428571428571,0.057113312,0.049778678,x
238,pi0,3.255714285714286,0.1263535353535353,0.4054285714285714,0.4161428571428571,0.06075011,0.049801968,x
239,pi0,3.255714285714286,0.1287575757575757,0.4054285714285714,0.4161428571428571,0.0635103,0.04910083,x
240,pi0,3.255714285714286,0.1311616161616161,0.4054285714285714,0.4161428571428571,0.06535999,0.047283985,x
241,pi0,3.255714285714286,0.1335656565656565,0.4054285714285714,0.4161428571428571,0.06632508,0.04446107,x
242,pi0,3.255714285714286,0.1359696969696969,0.4054285714285714,0.4161428571428571,0.06644409,0.041210894,x
243,pi0,3.255714285714286,0.1383737373737373,0.4054285714285714,0.4161428571428571,0.0659116,0.037679486,x
244,pi0,3.255714285714286,0.1407777777777777,0.4054285714285714,0.4161428571428571,0.06460168,0.03356746,x
245,pi0,3.255714285714286,0.1431818181818182,0.4054285714285714,0.4161428571428571,0.06263054,0.029104985,x
246,pi0,3.255714285714286,0.1455858585858586,0.4054285714285714,0.4161428571428571,0.05989267,0.024645219,x
247,pi0,3.255714285714286,0.147989898989899,0.4054285714285714,0.4161428571428571,0.05648878,0.020319693,x
248,pi0,3.255714285714286,0.1503939393939394,0.4054285714285714,0.4161428571428571,0.052552767,0.01620115,x
249,pi0,3.255714285714286,0.1527979797979798,0.4054285714285714,0.4161428571428571,0.048186112,0.012416036,x
250,pi0,3.255714285714286,0.1552020202020202,0.4054285714285714,0.4161428571428571,0.043225624,0.008991789,x
251,pi0,3.255714285714286,0.1576060606060606,0.4054285714285714,0.4161428571428571,0.036172077,0.006875863,x
252,pi0,3.255714285714286,0.160010101010101,0.4054285714285714,0.4161428571428571,0.022044215,0.0054505197,x
253,pi0,3.255714285714286,0.1624141414141414,0.4054285714285714,0.4161428571428571,0.014216493,0.006041414,x
254,pi0,3.255714285714286,0.1648181818181818,0.4054285714285714,0.4161428571428571,0.012345285,0.007823297,x
255,pi0,3.255714285714286,0.1672222222222222,0.4054285714285714,0.4161428571428571,0.011268378,0.0108112665,x
256,pi0,3.255714285714286,0.1696262626262626,0.4054285714285714,0.4161428571428571,0.010671272,0.014253116,x
257,pi0,3.255714285714286,0.172030303030303,0.4054285714285714,0.4161428571428571,0.010463047,0.017851831,x
258,pi0,3.255714285714286,0.1744343434343434,0.4054285714285714,0.4161428571428571,0.010554607,0.021406628,x
259,pi0,3.255714285714286,0.1768383838383838,0.4054285714285714,0.4161428571428571,0.010843442,0.024878332,x
260,pi0,3.255714285714286,0.1792424242424242,0.4054285714285714,0.4161428571428571,0.011335023,0.028168473,x
261,pi0,3.255714285714286,0.1816464646464646,0.4054285714285714,0.4161428571428571,0.012023285,0.031203806,x
262,pi0,3.255714285714286,0.184050505050505,0.4054285714285714,0.4161428571428571,0.012897236,0.034017816,x
263,pi0,3.255714285714286,0.1864545454545454,0.4054285714285714,0.4161428571428571,0.013908493,0.036585715,x
264,pi0,3.255714285714286,0.1888585858585858,0.4054285714285714,0.4161428571428571,0.015037752,0.038878407,x
265,pi0,3.255714285714286,0.1912626262626262,0.4054285714285714,0.4161428571428571,0.016250964,0.040982597,x
266,pi0,3.255714285714286,0.1936666666666666,0.4054285714285714,0.4161428571428571,0.017534526,0.04285294,x
267,pi0,3.255714285714286,0.1960707070707071,0.4054285714285714,0.4161428571428571,0.018882643,0.044518568,x
268,pi0,3.255714285714286,0.1984747474747474,0.4054285714285714,0.4161428571428571,0.020275706,0.046019956,x
269,pi0,3.255714285714286,0.2008787878787878,0.4054285714285714,0.4161428571428571,0.021689633,0.04738898,x
270,pi0,3.255714285714286,0.2032828282828283,0.4054285714285714,0.4161428571428571,0.02312075,0.048621114,x
271,pi0,3.255714285714286,0.2056868686868687,0.4054285714285714,0.4161428571428571,0.024576144,0.049602363,x
272,pi0,3.255714285714286,0.2080909090909091,0.4054285714285714,0.4161428571428571,0.026044065,0.050327685,x
273,pi0,3.255714285714286,0.2104949494949495,0.4054285714285714,0.4161428571428571,0.027509168,0.050809138,x
274,pi0,3.255714285714286,0.2128989898989899,0.4054285714285714,0.4161428571428571,0.029005947,0.05105155,x
275,pi0,3.255714285714286,0.2153030303030303,0.4054285714285714,0.4161428571428571,0.030563721,0.051072378,x
276,pi0,3.255714285714286,0.2177070707070707,0.4054285714285714,0.4161428571428571,0.03217109,0.050934266,x
277,pi0,3.255714285714286,0.2201111111111111,0.4054285714285714,0.4161428571428571,0.03380873,0.050696604,x
278,pi0,3.255714285714286,0.2225151515151515,0.4054285714285714,0.4161428571428571,0.03546893,0.05025728,x
279,pi0,3.255714285714286,0.2249191919191919,0.4054285714285714,0.4161428571428571,0.03710146,0.04963544,x
280,pi0,3.255714285714286,0.2273232323232323,0.4054285714285714,0.4161428571428571,0.038730036,0.048833042,x
281,pi0,3.255714285714286,0.2297272727272727,0.4054285714285714,0.4161428571428571,0.040370755,0.0478425,x
282,pi0,3.255714285714286,0.2321313131313131,0.4054285714285714,0.4161428571428571,0.041971345,0.04664952,x
283,pi0,3.255714285714286,0.2345353535353535,0.4054285714285714,0.4161428571428571,0.0434777,0.045303747,x
284,pi0,3.255714285714286,0.2369393939393939,0.4054285714285714,0.4161428571428571,0.044903304,0.04380535,x
285,pi0,3.255714285714286,0.2393434343434343,0.4054285714285714,0.4161428571428571,0.04623756,0.042266093,x
286,pi0,3.255714285714286,0.2417474747474747,0.4054285714285714,0.4161428571428571,0.047503296,0.040604446,x
287,pi0,3.255714285714286,0.2441515151515151,0.4054285714285714,0.4161428571428571,0.04886797,0.03832284,x
288,pi0,3.255714285714286,0.2465555555555555,0.4054285714285714,0.4161428571428571,0.049812675,0.035717234,x
289,pi0,3.255714285714286,0.2489595959595959,0.4054285714285714,0.4161428571428571,0.049097378,0.030336194,x
290,pi0,3.255714285714286,0.2513636363636363,0.4054285714285714,0.4161428571428571,0.043437894,0.014509224,x
291,pi0,3.255714285714286,0.2537676767676767,0.4054285714285714,0.4161428571428571,0.03907532,0.010929565,x
292,pi0,3.255714285714286,0.2561717171717171,0.4054285714285714,0.4161428571428571,0.036974482,0.015582476,x
293,pi0,3.255714285714286,0.2585757575757575,0.4054285714285714,0.4161428571428571,0.03537396,0.0193037,x
294,pi0,3.255714285714286,0.260979797979798,0.4054285714285714,0.4161428571428571,0.033983324,0.021411423,x
295,pi0,3.255714285714286,0.2633838383838384,0.4054285714285714,0.4161428571428571,0.032929137,0.022050584,x
296,pi0,3.255714285714286,0.2657878787878788,0.4054285714285714,0.4161428571428571,0.03222933,0.02176167,x
297,pi0,3.255714285714286,0.2681919191919192,0.4054285714285714,0.4161428571428571,0.0316897,0.021067888,x
298,pi0,3.255714285714286,0.2705959595959596,0.4054285714285714,0.4161428571428571,0.031259596,0.01995745,x
299,pi0,3.255714285714286,0.273,0.4054285714285714,0.4161428571428571,0.030857569,0.018580364,x
300,k+,3.092857142857143,0.036,0.3992857142857143,0.4022857142857142,0.029807348,0.020405443,x
301,k+,3.092857142857143,0.0384040404040404,0.3992857142857143,0.4022857142857142,0.018019302,0.008959282,x
302,k+,3.092857142857143,0.0408080808080808,0.3992857142857143,0.4022857142857142,0.03157456,0.008148271,x
303,k+,3.092857142857143,0.0432121212121212,0.3992857142857143,0.4022857142857142,0.029288832,0.01180562,x
304,k+,3.092857142857143,0.0456161616161616,0.3992857142857143,0.4022857142857142,0.012502951,0.0050549814,x
305,k+,3.092857142857143,0.048020202020202,0.3992857142857143,0.4022857142857142,0.029597793,0.013386836,x
306,k+,3.092857142857143,0.0504242424242424,0.3992857142857143,0.4022857142857142,0.028028497,0.010152923,x
307,k+,3.092857142857143,0.0528282828282828,0.3992857142857143,0.4022857142857142,0.027575977,0.025760364,x
308,k+,3.092857142857143,0.0552323232323232,0.3992857142857143,0.4022857142857142,0.025529055,0.011823719,x
309,k+,3.092857142857143,0.0576363636363636,0.3992857142857143,0.4022857142857142,0.035742667,0.0129635185,x
310,k+,3.092857142857143,0.060040404040404,0.3992857142857143,0.4022857142857142,0.038972247,0.016807107,x
311,k+,3.092857142857143,0.0624444444444444,0.3992857142857143,0.4022857142857142,0.034668498,0.009330549,x
312,k+,3.092857142857143,0.0648484848484848,0.3992857142857143,0.4022857142857142,0.038123596,0.014602506,x
313,k+,3.092857142857143,0.0672525252525252,0.3992857142857143,0.4022857142857142,0.04742145,0.0213205,x
314,k+,3.092857142857143,0.0696565656565656,0.3992857142857143,0.4022857142857142,0.056738615,0.028140504,x
315,k+,3.092857142857143,0.072060606060606,0.3992857142857143,0.4022857142857142,0.06337416,0.029554706,x
316,k+,3.092857142857143,0.0744646464646464,0.3992857142857143,0.4022857142857142,0.060269672,0.022283833,x
317,k+,3.092857142857143,0.0768686868686868,0.3992857142857143,0.4022857142857142,0.028167028,0.012806262,x
318,k+,3.092857142857143,0.0792727272727272,0.3992857142857143,0.4022857142857142,0.036813766,0.02462688,x
319,k+,3.092857142857143,0.0816767676767676,0.3992857142857143,0.4022857142857142,0.05731536,0.031843822,x
320,k+,3.092857142857143,0.084080808080808,0.3992857142857143,0.4022857142857142,0.070546076,0.031128403,x
321,k+,3.092857142857143,0.0864848484848484,0.3992857142857143,0.4022857142857142,0.058171667,0.014410186,x
322,k+,3.092857142857143,0.0888888888888888,0.3992857142857143,0.4022857142857142,0.06109863,0.016135361,x
323,k+,3.092857142857143,0.0912929292929292,0.3992857142857143,0.4022857142857142,0.06560507,0.014877838,x
324,k+,3.092857142857143,0.0936969696969697,0.3992857142857143,0.4022857142857142,0.0773522,0.0145379985,x
325,k+,3.092857142857143,0.0961010101010101,0.3992857142857143,0.4022857142857142,0.08152232,0.015435563,x
326,k+,3.092857142857143,0.0985050505050505,0.3992857142857143,0.4022857142857142,0.08256324,0.014993444,x
327,k+,3.092857142857143,0.1009090909090909,0.3992857142857143,0.4022857142857142,0.06562496,0.011128468,x
328,k+,3.092857142857143,0.1033131313131313,0.3992857142857143,0.4022857142857142,0.079722136,0.013352254,x
329,k+,3.092857142857143,0.1057171717171717,0.3992857142857143,0.4022857142857142,0.08333272,0.020435542,x
330,k+,3.092857142857143,0.1081212121212121,0.3992857142857143,0.4022857142857142,0.06525972,0.017268462,x
331,k+,3.092857142857143,0.1105252525252525,0.3992857142857143,0.4022857142857142,0.06884552,0.02844512,x
332,k+,3.092857142857143,0.1129292929292929,0.3992857142857143,0.4022857142857142,0.09093823,0.037071485,x
333,k+,3.092857142857143,0.1153333333333333,0.3992857142857143,0.4022857142857142,0.11229052,0.04606137,x
334,k+,3.092857142857143,0.1177373737373737,0.3992857142857143,0.4022857142857142,0.10015963,0.024298698,x
335,k+,3.092857142857143,0.1201414141414141,0.3992857142857143,0.4022857142857142,0.10343038,0.031164663,x
336,k+,3.092857142857143,0.1225454545454545,0.3992857142857143,0.4022857142857142,0.10978366,0.03591287,x
337,k+,3.092857142857143,0.1249494949494949,0.3992857142857143,0.4022857142857142,0.11201776,0.036981277,x
338,k+,3.092857142857143,0.1273535353535353,0.3992857142857143,0.4022857142857142,0.11347947,0.037699886,x
339,k+,3.092857142857143,0.1297575757575757,0.3992857142857143,0.4022857142857142,0.114524364,0.038308036,x
340,k+,3.092857142857143,0.1321616161616161,0.3992857142857143,0.4022857142857142,0.11506165,0.038420968,x
341,k+,3.092857142857143,0.1345656565656565,0.3992857142857143,0.4022857142857142,0.115000285,0.038051903,x
342,k+,3.092857142857143,0.1369696969696969,0.3992857142857143,0.4022857142857142,0.114517346,0.0375311,x
343,k+,3.092857142857143,0.1393737373737373,0.3992857142857143,0.4022857142857142,0.113698184,0.036892746,x
344,k+,3.092857142857143,0.1417777777777777,0.3992857142857143,0.4022857142857142,0.112387426,0.03608745,x
345,k+,3.092857142857143,0.1441818181818182,0.3992857142857143,0.4022857142857142,0.11046944,0.034528293,x
346,k+,3.092857142857143,0.1465858585858586,0.3992857142857143,0.4022857142857142,0.10793752,0.032249454,x
347,k+,3.092857142857143,0.1489898989898989,0.3992857142857143,0.4022857142857142,0.10493466,0.03007041,x
348,k+,3.092857142857143,0.1513939393939394,0.3992857142857143,0.4022857142857142,0.10131243,0.027596377,x
349,k+,3.092857142857143,0.1537979797979798,0.3992857142857143,0.4022857142857142,0.09668468,0.02433514,x
350,k+,3.092857142857143,0.1562020202020202,0.3992857142857143,0.4022857142857142,0.09070982,0.021051997,x
351,k+,3.092857142857143,0.1586060606060606,0.3992857142857143,0.4022857142857142,0.07543598,0.01564142,x
352,k+,3.092857142857143,0.161010101010101,0.3992857142857143,0.4022857142857142,0.05352653,0.015604836,x
353,k+,3.092857142857143,0.1634141414141414,0.3992857142857143,0.4022857142857142,0.047484037,0.01739532,x
354,k+,3.092857142857143,0.1658181818181818,0.3992857142857143,0.4022857142857142,0.04507842,0.019727552,x
355,k+,3.092857142857143,0.1682222222222222,0.3992857142857143,0.4022857142857142,0.043442536,0.022556165,x
356,k+,3.092857142857143,0.1706262626262626,0.3992857142857143,0.4022857142857142,0.042410377,0.025284074,x
357,k+,3.092857142857143,0.173030303030303,0.3992857142857143,0.4022857142857142,0.041896943,0.027800297,x
358,k+,3.092857142857143,0.1754343434343434,0.3992857142857143,0.4022857142857142,0.041833706,0.030082004,x
359,k+,3.092857142857143,0.1778383838383838,0.3992857142857143,0.4022857142857142,0.04217836,0.03205377,x
360,k+,3.092857142857143,0.1802424242424242,0.3992857142857143,0.4022857142857142,0.04287426,0.033719268,x
361,k+,3.092857142857143,0.1826464646464646,0.3992857142857143,0.4022857142857142,0.043876596,0.03512882,x
362,k+,3.092857142857143,0.185050505050505,0.3992857142857143,0.4022857142857142,0.04514136,0.036354214,x
363,k+,3.092857142857143,0.1874545454545454,0.3992857142857143,0.4022857142857142,0.046560813,0.037508886,x
364,k+,3.092857142857143,0.1898585858585858,0.3992857142857143,0.4022857142857142,0.048166208,0.038595047,x
365,k+,3.092857142857143,0.1922626262626262,0.3992857142857143,0.4022857142857142,0.049887814,0.039633863,x
366,k+,3.092857142857143,0.1946666666666666,0.3992857142857143,0.4022857142857142,0.051763427,0.040498924,x
367,k+,3.092857142857143,0.1970707070707071,0.3992857142857143,0.4022857142857142,0.053696547,0.0412217,x
368,k+,3.092857142857143,0.1994747474747474,0.3992857142857143,0.4022857142857142,0.055684447,0.041780043,x
369,k+,3.092857142857143,0.2018787878787878,0.3992857142857143,0.4022857142857142,0.05769563,0.042240348,x
370,k+,3.092857142857143,0.2042828282828283,0.3992857142857143,0.4022857142857142,0.05975592,0.042571314,x
371,k+,3.092857142857143,0.2066868686868687,0.3992857142857143,0.4022857142857142,0.061774995,0.042655505,x
372,k+,3.092857142857143,0.2090909090909091,0.3992857142857143,0.4022857142857142,0.06380113,0.042638954,x
373,k+,3.092857142857143,0.2114949494949495,0.3992857142857143,0.4022857142857142,0.06581242,0.042523693,x
374,k+,3.092857142857143,0.2138989898989899,0.3992857142857143,0.4022857142857142,0.06782351,0.042300735,x
375,k+,3.092857142857143,0.2163030303030303,0.3992857142857143,0.4022857142857142,0.069837704,0.0419734,x
376,k+,3.092857142857143,0.2187070707070707,0.3992857142857143,0.4022857142857142,0.07186887,0.04163302,x
377,k+,3.092857142857143,0.2211111111111111,0.3992857142857143,0.4022857142857142,0.073898725,0.04126662,x
378,k+,3.092857142857143,0.2235151515151515,0.3992857142857143,0.4022857142857142,0.07588533,0.040863257,x
379,k+,3.092857142857143,0.2259191919191919,0.3992857142857143,0.4022857142857142,0.07780989,0.040385343,x
380,k+,3.092857142857143,0.2283232323232323,0.3992857142857143,0.4022857142857142,0.079724886,0.039820123,x
381,k+,3.092857142857143,0.2307272727272727,0.3992857142857143,0.4022857142857142,0.0815896,0.03915105,x
382,k+,3.092857142857143,0.2331313131313131,0.3992857142857143,0.4022857142857142,0.08335886,0.038373075,x
383,k+,3.092857142857143,0.2355353535353535,0.3992857142857143,0.4022857142857142,0.0849989,0.03757391,x
384,k+,3.092857142857143,0.2379393939393939,0.3992857142857143,0.4022857142857142,0.08650791,0.03677494,x
385,k+,3.092857142857143,0.2403434343434343,0.3992857142857143,0.4022857142857142,0.087920696,0.03600806,x
386,k+,3.092857142857143,0.2427474747474747,0.3992857142857143,0.4022857142857142,0.089244016,0.03518972,x
387,k+,3.092857142857143,0.2451515151515151,0.3992857142857143,0.4022857142857142,0.09038436,0.034265704,x
388,k+,3.092857142857143,0.2475555555555555,0.3992857142857143,0.4022857142857142,0.09094409,0.033017144,x
389,k+,3.092857142857143,0.2499595959595959,0.3992857142857143,0.4022857142857142,0.08768698,0.0276206,x
390,k+,3.092857142857143,0.2523636363636363,0.3992857142857143,0.4022857142857142,0.08219469,0.023831025,x
391,k+,3.092857142857143,0.2547676767676767,0.3992857142857143,0.4022857142857142,0.07872099,0.02494936,x
392,k+,3.092857142857143,0.2571717171717171,0.3992857142857143,0.4022857142857142,0.07509059,0.025696494,x
393,k+,3.092857142857143,0.2595757575757575,0.3992857142857143,0.4022857142857142,0.070457,0.025812084,x
394,k+,3.092857142857143,0.261979797979798,0.3992857142857143,0.4022857142857142,0.06559618,0.025638295,x
395,k+,3.092857142857143,0.2643838383838384,0.3992857142857143,0.4022857142857142,0.06093098,0.025125088,x
396,k+,3.092857142857143,0.2667878787878788,0.3992857142857143,0.4022857142857142,0.056594677,0.024456464,x
397,k+,3.092857142857143,0.2691919191919192,0.3992857142857143,0.4022857142857142,0.052525662,0.023762155,x
398,k+,3.092857142857143,0.2715959595959596,0.3992857142857143,0.4022857142857142,0.048744164,0.023015486,x
399,k+,3.092857142857143,0.274,0.3992857142857143,0.4022857142857142,0.045292225,0.022372738,x
400,k-,3.1221428571428573,0.035,0.3627142857142858,0.3932857142857142,0.010729512,0.007687092,x
401,k-,3.1221428571428573,0.0374242424242424,0.3627142857142858,0.3932857142857142,0.008584682,0.01393784,x
402,k-,3.1221428571428573,0.0398484848484848,0.3627142857142858,0.3932857142857142,-0.00019919258,0.008810723,x
403,k-,3.1221428571428573,0.0422727272727272,0.3627142857142858,0.3932857142857142,-0.003026065,0.010370945,x
404,k-,3.1221428571428573,0.0446969696969697,0.3627142857142858,0.3932857142857142,-0.002485192,0.025667476,x
405,k-,3.1221428571428573,0.0471212121212121,0.3627142857142858,0.3932857142857142,0.014044668,0.029035611,x
406,k-,3.1221428571428573,0.0495454545454545,0.3627142857142858,0.3932857142857142,0.04755759,0.0734072,x
407,k-,3.1221428571428573,0.0519696969696969,0.3627142857142858,0.3932857142857142,0.07864894,0.09191522,x
408,k-,3.1221428571428573,0.0543939393939394,0.3627142857142858,0.3932857142857142,0.04381501,0.050808802,x
409,k-,3.1221428571428573,0.0568181818181818,0.3627142857142858,0.3932857142857142,0.040497392,0.021494431,x
410,k-,3.1221428571428573,0.0592424242424242,0.3627142857142858,0.3932857142857142,0.028506782,0.015753362,x
411,k-,3.1221428571428573,0.0616666666666666,0.3627142857142858,0.3932857142857142,0.017593255,0.0147912195,x
412,k-,3.1221428571428573,0.064090909090909,0.3627142857142858,0.3932857142857142,0.011154191,0.018155674,x
413,k-,3.1221428571428573,0.0665151515151515,0.3627142857142858,0.3932857142857142,0.0074226903,0.024208508,x
414,k-,3.1221428571428573,0.0689393939393939,0.3627142857142858,0.3932857142857142,0.0053851604,0.029276492,x
415,k-,3.1221428571428573,0.0713636363636363,0.3627142857142858,0.3932857142857142,0.008586703,0.024263367,x
416,k-,3.1221428571428573,0.0737878787878787,0.3627142857142858,0.3932857142857142,0.040996343,0.025982443,x
417,k-,3.1221428571428573,0.0762121212121212,0.3627142857142858,0.3932857142857142,0.06710155,0.051148713,x
418,k-,3.1221428571428573,0.0786363636363636,0.3627142857142858,0.3932857142857142,0.031466585,0.036541313,x
419,k-,3.1221428571428573,0.081060606060606,0.3627142857142858,0.3932857142857142,0.011101247,0.020043395,x
420,k-,3.1221428571428573,0.0834848484848485,0.3627142857142858,0.3932857142857142,0.021592863,0.019494433,x
421,k-,3.1221428571428573,0.0859090909090909,0.3627142857142858,0.3932857142857142,0.033997048,0.027566,x
422,k-,3.1221428571428573,0.0883333333333333,0.3627142857142858,0.3932857142857142,0.03721183,0.024820048,x
423,k-,3.1221428571428573,0.0907575757575757,0.3627142857142858,0.3932857142857142,0.019351205,0.014875388,x
424,k-,3.1221428571428573,0.0931818181818181,0.3627142857142858,0.3932857142857142,0.017125817,0.018856093,x
425,k-,3.1221428571428573,0.0956060606060606,0.3627142857142858,0.3932857142857142,0.008141478,0.03952229,x
426,k-,3.1221428571428573,0.098030303030303,0.3627142857142858,0.3932857142857142,0.03568394,0.055876277,x
427,k-,3.1221428571428573,0.1004545454545454,0.3627142857142858,0.3932857142857142,0.0035886955,0.025658961,x
428,k-,3.1221428571428573,0.1028787878787878,0.3627142857142858,0.3932857142857142,0.061844707,0.098902375,x
429,k-,3.1221428571428573,0.1053030303030303,0.3627142857142858,0.3932857142857142,0.112742685,0.24707526,x
430,k-,3.1221428571428573,0.1077272727272727,0.3627142857142858,0.3932857142857142,-0.045559004,0.2634269,x
431,k-,3.1221428571428573,0.1101515151515151,0.3627142857142858,0.3932857142857142,-0.1730032,0.35611916,x
432,k-,3.1221428571428573,0.1125757575757575,0.3627142857142858,0.3932857142857142,-0.05202748,0.27432138,x
433,k-,3.1221428571428573,0.115,0.3627142857142858,0.3932857142857142,0.048277315,0.16858956,x
434,k-,3.1221428571428573,0.1174242424242424,0.3627142857142858,0.3932857142857142,0.051435657,0.046276163,x
435,k-,3.1221428571428573,0.1198484848484848,0.3627142857142858,0.3932857142857142,0.055651248,0.065818936,x
436,k-,3.1221428571428573,0.1222727272727272,0.3627142857142858,0.3932857142857142,0.077709004,0.10556587,x
437,k-,3.1221428571428573,0.1246969696969697,0.3627142857142858,0.3932857142857142,0.08741301,0.11763897,x
438,k-,3.1221428571428573,0.1271212121212121,0.3627142857142858,0.3932857142857142,0.09541176,0.12683405,x
439,k-,3.1221428571428573,0.1295454545454545,0.3627142857142858,0.3932857142857142,0.100550845,0.13275516,x
440,k-,3.1221428571428573,0.1319696969696969,0.3627142857142858,0.3932857142857142,0.10383163,0.13372988,x
441,k-,3.1221428571428573,0.1343939393939394,0.3627142857142858,0.3932857142857142,0.10509641,0.13127181,x
442,k-,3.1221428571428573,0.1368181818181818,0.3627142857142858,0.3932857142857142,0.10430915,0.12634301,x
443,k-,3.1221428571428573,0.1392424242424242,0.3627142857142858,0.3932857142857142,0.10170976,0.11838863,x
444,k-,3.1221428571428573,0.1416666666666666,0.3627142857142858,0.3932857142857142,0.09740042,0.108191624,x
445,k-,3.1221428571428573,0.1440909090909091,0.3627142857142858,0.3932857142857142,0.09156671,0.09668652,x
446,k-,3.1221428571428573,0.1465151515151515,0.3627142857142858,0.3932857142857142,0.08417362,0.08474379,x
447,k-,3.1221428571428573,0.1489393939393939,0.3627142857142858,0.3932857142857142,0.07534089,0.07329462,x
448,k-,3.1221428571428573,0.1513636363636363,0.3627142857142858,0.3932857142857142,0.065142125,0.06224619,x
449,k-,3.1221428571428573,0.1537878787878788,0.3627142857142858,0.3932857142857142,0.05434765,0.05229026,x
450,k-,3.1221428571428573,0.1562121212121212,0.3627142857142858,0.3932857142857142,0.04260103,0.04432011,x
451,k-,3.1221428571428573,0.1586363636363636,0.3627142857142858,0.3932857142857142,0.020023441,0.030251412,x
452,k-,3.1221428571428573,0.161060606060606,0.3627142857142858,0.3932857142857142,-0.009601813,0.02879717,x
453,k-,3.1221428571428573,0.1634848484848484,0.3627142857142858,0.3932857142857142,-0.019131841,0.037226655,x
454,k-,3.1221428571428573,0.1659090909090909,0.3627142857142858,0.3932857142857142,-0.024290374,0.0473339,x
455,k-,3.1221428571428573,0.1683333333333333,0.3627142857142858,0.3932857142857142,-0.027263442,0.057673573,x
456,k-,3.1221428571428573,0.1707575757575757,0.3627142857142858,0.3932857142857142,-0.028790325,0.067203656,x
457,k-,3.1221428571428573,0.1731818181818182,0.3627142857142858,0.3932857142857142,-0.029239662,0.075428456,x
458,k-,3.1221428571428573,0.1756060606060606,0.3627142857142858,0.3932857142857142,-0.029124416,0.0825449,x
459,k-,3.1221428571428573,0.178030303030303,0.3627142857142858,0.3932857142857142,-0.028406886,0.088896945,x
460,k-,3.1221428571428573,0.1804545454545454,0.3627142857142858,0.3932857142857142,-0.027227636,0.09451363,x
461,k-,3.1221428571428573,0.1828787878787879,0.3627142857142858,0.3932857142857142,-0.025530566,0.099432535,x
462,k-,3.1221428571428573,0.1853030303030303,0.3627142857142858,0.3932857142857142,-0.023339018,0.10369123,x
463,k-,3.1221428571428573,0.1877272727272727,0.3627142857142858,0.3932857142857142,-0.020672712,0.10715104,x
464,k-,3.1221428571428573,0.1901515151515151,0.3627142857142858,0.3932857142857142,-0.017693745,0.11013613,x
465,k-,3.1221428571428573,0.1925757575757575,0.3627142857142858,0.3932857142857142,-0.0146078095,0.11260338,x
466,k-,3.1221428571428573,0.195,0.3627142857142858,0.3932857142857142,-0.011485008,0.11458681,x
467,k-,3.1221428571428573,0.1974242424242424,0.3627142857142858,0.3932857142857142,-0.008265977,0.11646976,x
468,k-,3.1221428571428573,0.1998484848484848,0.3627142857142858,0.3932857142857142,-0.005020143,0.11794758,x
469,k-,3.1221428571428573,0.2022727272727272,0.3627142857142858,0.3932857142857142,-0.0019519175,0.11896562,x
470,k-,3.1221428571428573,0.2046969696969697,0.3627142857142858,0.3932857142857142,0.0010533585,0.11967203,x
471,k-,3.1221428571428573,0.2071212121212121,0.3627142857142858,0.3932857142857142,0.0039792447,0.12011378,x
472,k-,3.1221428571428573,0.2095454545454545,0.3627142857142858,0.3932857142857142,0.0067629204,0.12010427,x
473,k-,3.1221428571428573,0.2119696969696969,0.3627142857142858,0.3932857142857142,0.009394825,0.11979245,x
474,k-,3.1221428571428573,0.2143939393939394,0.3627142857142858,0.3932857142857142,0.0119643845,0.1192305,x
475,k-,3.1221428571428573,0.2168181818181818,0.3627142857142858,0.3932857142857142,0.014430877,0.11836204,x
476,k-,3.1221428571428573,0.2192424242424242,0.3627142857142858,0.3932857142857142,0.016717523,0.11719062,x
477,k-,3.1221428571428573,0.2216666666666666,0.3627142857142858,0.3932857142857142,0.018779736,0.11559059,x
478,k-,3.1221428571428573,0.2240909090909091,0.3627142857142858,0.3932857142857142,0.020711802,0.113739446,x
479,k-,3.1221428571428573,0.2265151515151515,0.3627142857142858,0.3932857142857142,0.022529822,0.111626625,x
480,k-,3.1221428571428573,0.2289393939393939,0.3627142857142858,0.3932857142857142,0.024255507,0.10927499,x
481,k-,3.1221428571428573,0.2313636363636363,0.3627142857142858,0.3932857142857142,0.025827745,0.10645537,x
482,k-,3.1221428571428573,0.2337878787878788,0.3627142857142858,0.3932857142857142,0.027202124,0.10323854,x
483,k-,3.1221428571428573,0.2362121212121212,0.3627142857142858,0.3932857142857142,0.028335122,0.09959155,x
484,k-,3.1221428571428573,0.2386363636363636,0.3627142857142858,0.3932857142857142,0.029293595,0.095568106,x
485,k-,3.1221428571428573,0.241060606060606,0.3627142857142858,0.3932857142857142,0.030005306,0.09131987,x
486,k-,3.1221428571428573,0.2434848484848485,0.3627142857142858,0.3932857142857142,0.030583544,0.086352214,x
487,k-,3.1221428571428573,0.2459090909090909,0.3627142857142858,0.3932857142857142,0.030469643,0.0804986,x
488,k-,3.1221428571428573,0.2483333333333333,0.3627142857142858,0.3932857142857142,0.028568348,0.07265124,x
489,k-,3.1221428571428573,0.2507575757575757,0.3627142857142858,0.3932857142857142,0.017890818,0.054757904,x
490,k-,3.1221428571428573,0.2531818181818182,0.3627142857142858,0.3932857142857142,0.007740369,0.058431495,x
491,k-,3.1221428571428573,0.2556060606060606,0.3627142857142858,0.3932857142857142,0.0025597238,0.06868945,x
492,k-,3.1221428571428573,0.258030303030303,0.3627142857142858,0.3932857142857142,0.0007441118,0.075151205,x
493,k-,3.1221428571428573,0.2604545454545455,0.3627142857142858,0.3932857142857142,7.5409465e-05,0.07693915,x
494,k-,3.1221428571428573,0.2628787878787879,0.3627142857142858,0.3932857142857142,0.00035908842,0.075216495,x
495,k-,3.1221428571428573,0.2653030303030303,0.3627142857142858,0.3932857142857142,0.0015596626,0.071893275,x
496,k-,3.1221428571428573,0.2677272727272727,0.3627142857142858,0.3932857142857142,0.0030096478,0.06796892,x
497,k-,3.1221428571428573,0.2701515151515151,0.3627142857142858,0.3932857142857142,0.004655681,0.063781194,x
498,k-,3.1221428571428573,0.2725757575757576,0.3627142857142858,0.3932857142857142,0.0065483656,0.059566665,x
499,k-,3.1221428571428573,0.275,0.3627142857142858,0.3932857142857142,0.008446082,0.055690777,x
