,hadron,1D_dependence,x,z,phT,QQ,sbar,ubar,dbar,d,u,s
0,pi+,x,0.006469,0.3566666666666666,0.4833333333333333,6.297777777777778,0.18833708383317277,0.29256943406654673,0.3040565490623928,0.38068231661964536,0.4232103402198363,0.18833708383317277
1,pi+,x,0.0092127474747474,0.3566666666666666,0.4833333333333333,6.297777777777778,0.17169457566057522,0.27149399692640924,0.28616881475292855,0.37957608006602916,0.42994126845009795,0.17169457566057522
2,pi+,x,0.0119564949494949,0.3566666666666666,0.4833333333333333,6.297777777777778,0.1595888976332662,0.2563442570481315,0.27379923346167706,0.38167627782506863,0.4390319450317906,0.1595888976332662
3,pi+,x,0.0147002424242424,0.3566666666666666,0.4833333333333333,6.297777777777778,0.14997638749710054,0.2442891259216322,0.26417516866279,0.38489570955529584,0.44877851514070743,0.14997638749710054
4,pi+,x,0.0174439898989899,0.3566666666666666,0.4833333333333333,6.297777777777778,0.14201951944949484,0.23419161790946447,0.2562082008355801,0.3885630602775744,0.45870457686686905,0.14201951944949484
5,pi+,x,0.0201877373737373,0.3566666666666666,0.4833333333333333,6.297777777777778,0.13516264698439362,0.22536609079047368,0.24924939463767948,0.39224750573624717,0.46845922022189157,0.13516264698439362
6,pi+,x,0.0229314848484848,0.3566666666666666,0.4833333333333333,6.297777777777778,0.1291734912473935,0.21749931103591122,0.24301367119917172,0.3958588489281261,0.4780519012029001,0.1291734912473935
7,pi+,x,0.0256752323232323,0.3566666666666666,0.4833333333333333,6.297777777777778,0.12384685073528046,0.21036225977619866,0.23731187445480786,0.39932612921366295,0.4874086868775278,0.12384685073528046
8,pi+,x,0.0284189797979797,0.3566666666666666,0.4833333333333333,6.297777777777778,0.1190143079174618,0.20375883797926228,0.23196387368457175,0.4025413664949281,0.4964482032281844,0.1190143079174618
9,pi+,x,0.0311627272727272,0.3566666666666666,0.4833333333333333,6.297777777777778,0.11460352291773072,0.19760623808645109,0.2269209661618622,0.405538119875726,0.5052017099455502,0.11460352291773072
10,pi+,x,0.0339064747474747,0.3566666666666666,0.4833333333333333,6.297777777777778,0.1105628711363993,0.19183674937979828,0.22213274604510988,0.40832941740361306,0.5137049045254094,0.1105628711363993
11,pi+,x,0.0366502222222222,0.3566666666666666,0.4833333333333333,6.297777777777778,0.10682520938835963,0.18638610579369344,0.21755953143925572,0.41092249181579177,0.5219432502356712,0.10682520938835963
12,pi+,x,0.0393939696969697,0.3566666666666666,0.4833333333333333,6.297777777777778,0.10333187990648487,0.1811809527257787,0.21314418898278598,0.4132667374903622,0.5298680697262119,0.10333187990648487
13,pi+,x,0.0421377171717171,0.3566666666666666,0.4833333333333333,6.297777777777778,0.10005156209022814,0.17619989865353217,0.2088759701713166,0.41541407003834896,0.5375261678641524,0.10005156209022814
14,pi+,x,0.0448814646464646,0.3566666666666666,0.4833333333333333,6.297777777777778,0.0969660223314137,0.1714126251489517,0.20474630169148886,0.4173638388673685,0.5449089309939515,0.0969660223314137
15,pi+,x,0.0476252121212121,0.3566666666666666,0.4833333333333333,6.297777777777778,0.09405837046750493,0.1667991967725528,0.20074534537561817,0.4191365933646672,0.552040656253644,0.09405837046750493
16,pi+,x,0.0503689595959596,0.3566666666666666,0.4833333333333333,6.297777777777778,0.09130599549807757,0.1623442858762073,0.19686106671974832,0.42075783481129136,0.5589465283583858,0.09130599549807757
17,pi+,x,0.053112707070707,0.3566666666666666,0.4833333333333333,6.297777777777778,0.08868595696803969,0.158020543397182,0.19308107316036827,0.4222010649007991,0.565579895066541,0.08868595696803969
18,pi+,x,0.0558564545454545,0.3566666666666666,0.4833333333333333,6.297777777777778,0.08618042544471509,0.15380961895820203,0.1893934847717661,0.4234703943304952,0.5719428832394817,0.08618042544471509
19,pi+,x,0.058600202020202,0.3566666666666666,0.4833333333333333,6.297777777777778,0.08378094826863712,0.1497074776272038,0.1857925727848661,0.4245996912469852,0.5780822135603343,0.08378094826863712
20,pi+,x,0.0613439494949495,0.3566666666666666,0.4833333333333333,6.297777777777778,0.08148297400907958,0.14570985491546629,0.1822805019230085,0.42558403998179295,0.5839831274128081,0.08148297400907958
21,pi+,x,0.0640876969696969,0.3566666666666666,0.4833333333333333,6.297777777777778,0.07928174696434129,0.14181158443308203,0.17885745276747345,0.426425199380812,0.5896428427865041,0.07928174696434129
22,pi+,x,0.0668314444444444,0.3566666666666666,0.4833333333333333,6.297777777777778,0.07716917565842364,0.13800241790109333,0.1755151230370909,0.42715643417260213,0.5951112709543575,0.07716917565842364
23,pi+,x,0.0695751919191919,0.3566666666666666,0.4833333333333333,6.297777777777778,0.07513583534185496,0.13427976751955945,0.1722470641044877,0.4277681700481667,0.6003743571204457,0.07513583534185496
24,pi+,x,0.0723189393939394,0.3566666666666666,0.4833333333333333,6.297777777777778,0.07317368746407844,0.1306424804936006,0.16904861683866257,0.42824510569310703,0.6054089724491009,0.07317368746407844
25,pi+,x,0.0750626868686868,0.3566666666666666,0.4833333333333333,6.297777777777778,0.07127552328321902,0.1270843317021999,0.16591522939185468,0.4285886751863054,0.6102153622219895,0.07127552328321902
26,pi+,x,0.0778064343434343,0.3566666666666666,0.4833333333333333,6.297777777777778,0.06943675321057538,0.12359409179303303,0.16284249242534105,0.4288281964828577,0.6148354701285182,0.06943675321057538
27,pi+,x,0.0805501818181818,0.3566666666666666,0.4833333333333333,6.297777777777778,0.06765637986726206,0.12017909187716477,0.15982795323535487,0.428957036331537,0.6192658709271166,0.06765637986726206
28,pi+,x,0.0832939292929293,0.3566666666666666,0.4833333333333333,6.297777777777778,0.06593334574175318,0.11684591676505117,0.1568693834876103,0.4289682227846898,0.6235018819407177,0.06593334574175318
29,pi+,x,0.0860376767676767,0.3566666666666666,0.4833333333333333,6.297777777777778,0.0642657088459713,0.11359379202554533,0.1539648213016465,0.42886538977446104,0.6275508216217653,0.0642657088459713
30,pi+,x,0.0887814242424242,0.3566666666666666,0.4833333333333333,6.297777777777778,0.06264843216354275,0.11040577020236755,0.1511116426394539,0.42867502360145315,0.631446100141139,0.06264843216354275
31,pi+,x,0.0915251717171717,0.3566666666666666,0.4833333333333333,6.297777777777778,0.06107837289707733,0.10728831793682049,0.14830538941772303,0.4283873315918521,0.6351782758478872,0.06107837289707733
32,pi+,x,0.0942689191919192,0.3566666666666666,0.4833333333333333,6.297777777777778,0.05955291077246901,0.10424881477994183,0.14554201289159946,0.42799120765398685,0.6387362172324308,0.05955291077246901
33,pi+,x,0.0970126666666666,0.3566666666666666,0.4833333333333333,6.297777777777778,0.05806955739751534,0.10129239209150988,0.1428179984574579,0.42747881443487534,0.6421124626975091,0.05806955739751534
34,pi+,x,0.0997564141414141,0.3566666666666666,0.4833333333333333,6.297777777777778,0.05662399470696445,0.09840235223008179,0.14013194807669352,0.42687081530421483,0.6453325333024016,0.05662399470696445
35,pi+,x,0.1025001616161616,0.3566666666666666,0.4833333333333333,6.297777777777778,0.05521527902089428,0.09557685429714974,0.13748242905152455,0.4261735318928829,0.6484065624581313,0.05521527902089428
36,pi+,x,0.1052439090909091,0.3566666666666666,0.4833333333333333,6.297777777777778,0.053843935881341815,0.092824390449433,0.1348675079540392,0.42538075562115896,0.6513302281044804,0.053843935881341815
37,pi+,x,0.1079876565656565,0.3566666666666666,0.4833333333333333,6.297777777777778,0.05251026413123875,0.09015190269684911,0.13228542467068827,0.4244876558577209,0.6541004940791777,0.05251026413123875
38,pi+,x,0.110731404040404,0.3566666666666666,0.4833333333333333,6.297777777777778,0.05121382623249633,0.08756118268807898,0.12973463086097953,0.4234947984199028,0.6567208651946812,0.05121382623249633
39,pi+,x,0.1134751515151515,0.3566666666666666,0.4833333333333333,6.297777777777778,0.049951014069237853,0.08503533260834203,0.12721404294654176,0.4224222736599986,0.6592179531158894,0.049951014069237853
40,pi+,x,0.116218898989899,0.3566666666666666,0.4833333333333333,6.297777777777778,0.04872023060516085,0.08257608954491964,0.12472247721363952,0.4212681844242365,0.6615873926834545,0.04872023060516085
41,pi+,x,0.1189626464646464,0.3566666666666666,0.4833333333333333,6.297777777777778,0.04752038783472929,0.08018786412984029,0.12225879016959788,0.4200276712863392,0.6638211208333729,0.04752038783472929
42,pi+,x,0.1217063939393939,0.3566666666666666,0.4833333333333333,6.297777777777778,0.04635044382065916,0.07787425537584838,0.11982191837247408,0.4186968463028611,0.6659126057917241,0.04635044382065916
43,pi+,x,0.1244501414141414,0.3566666666666666,0.4833333333333333,6.297777777777778,0.04520897739895356,0.07563552356622348,0.11741030850317061,0.4172752513942563,0.6678618137828998,0.04520897739895356
44,pi+,x,0.1271938888888888,0.3566666666666666,0.4833333333333333,6.297777777777778,0.04409314800571121,0.07345890899879581,0.11502080548490569,0.4157763666903225,0.6696938166796554,0.04409314800571121
45,pi+,x,0.1299376363636363,0.3566666666666666,0.4833333333333333,6.297777777777778,0.04300309136466854,0.07134492077133853,0.1126545844001295,0.4142020954488154,0.6714070487999125,0.04300309136466854
46,pi+,x,0.1326813838383838,0.3566666666666666,0.4833333333333333,6.297777777777778,0.041939280829686225,0.06929613230723056,0.11031321758676231,0.4125521970451778,0.6729959306788437,0.041939280829686225
47,pi+,x,0.1354251313131313,0.3566666666666666,0.4833333333333333,6.297777777777778,0.04090206594759683,0.06731463783910503,0.10799803812443508,0.41082669559940127,0.6744558972225148,0.04090206594759683
48,pi+,x,0.1381688787878787,0.3566666666666666,0.4833333333333333,6.297777777777778,0.03989159156764521,0.0654017586706167,0.10570988631233767,0.4090260877925009,0.6757843962412005,0.03989159156764521
49,pi+,x,0.1409126262626262,0.3566666666666666,0.4833333333333333,6.297777777777778,0.03890559033545387,0.06355019735430192,0.10344357887741046,0.4071568125432277,0.6770033097186444,0.03890559033545387
50,pi+,x,0.1436563737373737,0.3566666666666666,0.4833333333333333,6.297777777777778,0.03794275793731822,0.06175657386689838,0.10119882662280491,0.40522248357503815,0.6781157869157762,0.03794275793731822
51,pi+,x,0.1464001212121212,0.3566666666666666,0.4833333333333333,6.297777777777778,0.03700269888452608,0.06002078561160507,0.09897800408126517,0.4032243672240839,0.6791143425180294,0.03700269888452608
52,pi+,x,0.1491438686868686,0.3566666666666666,0.4833333333333333,6.297777777777778,0.036085011823138446,0.05834261312856767,0.09678318553952071,0.4011637595848155,0.6799925699960631,0.036085011823138446
53,pi+,x,0.1518876161616161,0.3566666666666666,0.4833333333333333,6.297777777777778,0.03518929183857157,0.05672173689651175,0.09461617784848285,0.3990419768869458,0.680745018538669,0.03518929183857157
54,pi+,x,0.1546313636363636,0.3566666666666666,0.4833333333333333,6.297777777777778,0.034314481079288216,0.055156442710990516,0.09247526309628547,0.39686038366736553,0.6813765808092295,0.034314481079288216
55,pi+,x,0.1573751111111111,0.3566666666666666,0.4833333333333333,6.297777777777778,0.03345882122839937,0.05364251780305331,0.09035433948493693,0.3946215374751088,0.6819071569590076,0.03345882122839937
56,pi+,x,0.1601188585858586,0.3566666666666666,0.4833333333333333,6.297777777777778,0.03262251470707225,0.052178750913038564,0.08825645365357572,0.39232887419510615,0.6823322245794179,0.03262251470707225
57,pi+,x,0.162862606060606,0.3566666666666666,0.4833333333333333,6.297777777777778,0.0318058013317228,0.05076411856836371,0.08618476440446879,0.38998563084493754,0.6826466714628707,0.0318058013317228
58,pi+,x,0.1656063535353535,0.3566666666666666,0.4833333333333333,6.297777777777778,0.031008863149067672,0.04939760819957907,0.08414208060216967,0.38759483799969185,0.6828460994263544,0.031008863149067672
59,pi+,x,0.168350101010101,0.3566666666666666,0.4833333333333333,6.297777777777778,0.030231830988217925,0.048078219975424344,0.08213089551764342,0.3851593354433857,0.6829267495084362,0.030231830988217925
60,pi+,x,0.1710938484848485,0.3566666666666666,0.4833333333333333,6.297777777777778,0.029473858330289895,0.04680503829628913,0.08014728986939249,0.3826794413878218,0.682900201902377,0.029473858330289895
61,pi+,x,0.1738375959595959,0.3566666666666666,0.4833333333333333,6.297777777777778,0.02873366060034041,0.04557622401908693,0.07818699208391469,0.38015546975003917,0.6827778631644671,0.02873366060034041
62,pi+,x,0.1765813434343434,0.3566666666666666,0.4833333333333333,6.297777777777778,0.028010812213723053,0.044389469989991145,0.07625246568227959,0.37759033349937526,0.6825544145811692,0.028010812213723053
63,pi+,x,0.1793250909090909,0.3566666666666666,0.4833333333333333,6.297777777777778,0.027304900389728638,0.04324261192859755,0.07434591940321494,0.37498676174714896,0.6822251786227452,0.027304900389728638
64,pi+,x,0.1820688383838384,0.3566666666666666,0.4833333333333333,6.297777777777778,0.026615524322001073,0.04213361803781555,0.07246932704457137,0.37234731191552367,0.6817860659789188,0.026615524322001073
65,pi+,x,0.1848125858585858,0.3566666666666666,0.4833333333333333,6.297777777777778,0.025942294831514556,0.04106057941492866,0.07062444850886215,0.36967438199948066,0.6812335201006217,0.025942294831514556
66,pi+,x,0.1875563333333333,0.3566666666666666,0.4833333333333333,6.297777777777778,0.02528430090870575,0.040023322784149266,0.06880681837239522,0.36696582919866494,0.6805771641748974,0.02528430090870575
67,pi+,x,0.1903000808080808,0.3566666666666666,0.4833333333333333,6.297777777777778,0.024640939002095647,0.03902153336376986,0.067012994780893,0.3642212367746025,0.6798265206001135,0.024640939002095647
68,pi+,x,0.1930438282828283,0.3566666666666666,0.4833333333333333,6.297777777777778,0.024012247633949907,0.03805333228039506,0.06524566839401913,0.3614450343741651,0.6789790402870565,0.024012247633949907
69,pi+,x,0.1957875757575757,0.3566666666666666,0.4833333333333333,6.297777777777778,0.023398243504260424,0.037116952393861154,0.06350727501237889,0.3586413364788045,0.6780325227594134,0.023398243504260424
70,pi+,x,0.1985313232323232,0.3566666666666666,0.4833333333333333,6.297777777777778,0.022798923745077332,0.03621073052373313,0.06180001688315541,0.35581396612958366,0.6769850841985435,0.022798923745077332
71,pi+,x,0.2012750707070707,0.3566666666666666,0.4833333333333333,6.297777777777778,0.022214267955215795,0.03533310030292713,0.06012588210357353,0.35296647665078423,0.675835128470049,0.022214267955215795
72,pi+,x,0.2040188181818182,0.3566666666666666,0.4833333333333333,6.297777777777778,0.021643889703002562,0.03448399426050192,0.0584829150700949,0.3500979767265379,0.6745871215064684,0.021643889703002562
73,pi+,x,0.2067625656565656,0.3566666666666666,0.4833333333333333,6.297777777777778,0.02108698151997388,0.033664204446265285,0.056865991083663914,0.3472041385467674,0.6732500571168942,0.02108698151997388
74,pi+,x,0.2095063131313131,0.3566666666666666,0.4833333333333333,6.297777777777778,0.02054327619994158,0.03287179144293583,0.05527666330884131,0.3442881764568685,0.671822322053404,0.02054327619994158
75,pi+,x,0.2122500606060606,0.3566666666666666,0.4833333333333333,6.297777777777778,0.020012524526839992,0.03210487881856426,0.05371647547830652,0.3413532477248385,0.6703023199751735,0.020012524526839992
76,pi+,x,0.2149938080808081,0.3566666666666666,0.4833333333333333,6.297777777777778,0.019494482321972872,0.03136170420188535,0.052186824394793524,0.33840229920944925,0.6686886849396931,0.019494482321972872
77,pi+,x,0.2177375555555555,0.3566666666666666,0.4833333333333333,6.297777777777778,0.018988910415122382,0.030640611616115095,0.05068897143443072,0.33543808196132696,0.6669802616296124,0.018988910415122382
78,pi+,x,0.220481303030303,0.3566666666666666,0.4833333333333333,6.297777777777778,0.01849549856970373,0.02994063612457829,0.04922288365841138,0.3324616718941252,0.6651780013202591,0.01849549856970373
79,pi+,x,0.2232250505050505,0.3566666666666666,0.4833333333333333,6.297777777777778,0.018013655722731108,0.029263352107342412,0.04778355030977734,0.3294680861183908,0.6632913129223219,0.018013655722731108
80,pi+,x,0.225968797979798,0.3566666666666666,0.4833333333333333,6.297777777777778,0.017543188260686467,0.028607667897624107,0.04637125738094729,0.3264595125088969,0.661321361503782,0.017543188260686467
81,pi+,x,0.2287125454545454,0.3566666666666666,0.4833333333333333,6.297777777777778,0.017083962678484964,0.027972124158491887,0.04498708193807837,0.32343910004698884,0.6592679773772853,0.017083962678484964
82,pi+,x,0.2314562929292929,0.3566666666666666,0.4833333333333333,6.297777777777778,0.016635844464115403,0.027355345169697905,0.043631999781914614,0.3204097934174585,0.6571310893127933,0.016635844464115403
83,pi+,x,0.2342000404040404,0.3566666666666666,0.4833333333333333,6.297777777777778,0.016198698406176017,0.026756033568498917,0.04230689293231132,0.3173743464552879,0.6549107157007495,0.016198698406176017
84,pi+,x,0.2369437878787879,0.3566666666666666,0.4833333333333333,6.297777777777778,0.015772388869490447,0.026172965465175016,0.04101255653381477,0.3143353346119226,0.6526069564570022,0.015772388869490447
85,pi+,x,0.2396875353535353,0.3566666666666666,0.4833333333333333,6.297777777777778,0.01535673436618826,0.025606964391788747,0.03974687746246883,0.31128947729428613,0.6502227022646617,0.01535673436618826
86,pi+,x,0.2424312828282828,0.3566666666666666,0.4833333333333333,6.297777777777778,0.01495142000177669,0.025058676992899848,0.038507586791890425,0.30823387893626863,0.6477613922853804,0.01495142000177669
87,pi+,x,0.2451750303030303,0.3566666666666666,0.4833333333333333,6.297777777777778,0.014556120326033433,0.024526709130836735,0.03729516814540824,0.305171475459074,0.6452239879065268,0.014556120326033433
88,pi+,x,0.2479187777777778,0.3566666666666666,0.4833333333333333,6.297777777777778,0.01417052313627878,0.024009744810728605,0.036110051818228885,0.3021050202123741,0.6426114568626975,0.01417052313627878
89,pi+,x,0.2506625252525252,0.3566666666666666,0.4833333333333333,6.297777777777778,0.013794328808716885,0.023506541498678514,0.034952618630522174,0.2990370953080416,0.639924771234783,0.013794328808716885
90,pi+,x,0.2534062727272727,0.3566666666666666,0.4833333333333333,6.297777777777778,0.013427249670130802,0.02301592575092356,0.03382320350219639,0.29597012218947893,0.6371649056419784,0.013427249670130802
91,pi+,x,0.2561500202020202,0.3566666666666666,0.4833333333333333,6.297777777777778,0.013069020984277854,0.022536982126168267,0.032721904193027465,0.29290576185444506,0.6343328226391932,0.013069020984277854
92,pi+,x,0.2588937676767677,0.3566666666666666,0.4833333333333333,6.297777777777778,0.01271955001516382,0.022071200398109694,0.03164639530768726,0.289838341715033,0.631429679275172,0.01271955001516382
93,pi+,x,0.2616375151515152,0.3566666666666666,0.4833333333333333,6.297777777777778,0.012378690314852846,0.021618361983200548,0.030596053636862262,0.28676806747741207,0.6284574681140065,0.012378690314852846
94,pi+,x,0.2643812626262626,0.3566666666666666,0.4833333333333333,6.297777777777778,0.012046258860180072,0.021177511010468726,0.029571018921180907,0.2836975319377733,0.6254182511582109,0.012046258860180072
95,pi+,x,0.2671250101010101,0.3566666666666666,0.4833333333333333,6.297777777777778,0.011722077877582974,0.020747741461207038,0.028571404654564314,0.28062917338742044,0.622314018010756,0.011722077877582974
96,pi+,x,0.2698687575757575,0.3566666666666666,0.4833333333333333,6.297777777777778,0.011405974651181981,0.02032819438909255,0.027597299992787427,0.2775652846398098,0.6191466890092936,0.011405974651181981
97,pi+,x,0.272612505050505,0.3566666666666666,0.4833333333333333,6.297777777777778,0.011097781339358851,0.019918055314530128,0.026648771526839383,0.2745080214783753,0.6159181181973801,0.011097781339358851
98,pi+,x,0.2753562525252525,0.3566666666666666,0.4833333333333333,6.297777777777778,0.01079737759604899,0.01951693510162039,0.025725604535191484,0.27145793507941984,0.6126294293690414,0.01079737759604899
99,pi+,x,0.2781,0.3566666666666666,0.4833333333333333,6.297777777777778,0.010504788309375767,0.01912615958424182,0.024826311356852062,0.26840907597506974,0.6092790660186881,0.010504788309375767
100,pi-,x,0.006453,0.3511111111111111,0.4833333333333333,6.336666666666667,0.18892683735640642,0.2931774896411251,0.30465300192021455,0.3812205074736774,0.42372949496301626,0.18892683735640642
101,pi-,x,0.009196909090909,0.3511111111111111,0.4833333333333333,6.336666666666667,0.17217090793303264,0.271975210064685,0.2866417750239037,0.38001348925621814,0.43037299307526466,0.17217090793303264
102,pi-,x,0.0119408181818181,0.3511111111111111,0.4833333333333333,6.336666666666667,0.1599917559532996,0.2567455305807879,0.27419455225721273,0.38205117519218923,0.43941065028170134,0.1599917559532996
103,pi-,x,0.0146847272727272,0.3511111111111111,0.4833333333333333,6.336666666666667,0.150325019139479,0.24463231156407092,0.2645140402846812,0.38522447337461724,0.44911822038699717,0.150325019139479
104,pi-,x,0.0174286363636363,0.3511111111111111,0.4833333333333333,6.336666666666667,0.14232651806133167,0.23449041481593477,0.2565039047442715,0.3888564902109685,0.45901474870703324,0.14232651806133167
105,pi-,x,0.0201725454545454,0.3511111111111111,0.4833333333333333,6.336666666666667,0.135435772016372,0.22562868644914946,0.24950965427577998,0.392511246686889,0.4687448672468383,0.135435772016372
106,pi-,x,0.0229164545454545,0.3511111111111111,0.4833333333333333,6.336666666666667,0.12941830274555918,0.2177316363802987,0.24324420123464913,0.39609692351958375,0.4783162747151219,0.12941830274555918
107,pi-,x,0.0256603636363636,0.3511111111111111,0.4833333333333333,6.336666666666667,0.12406793145229005,0.21056918995053653,0.23751745113946413,0.39954243835944114,0.48765508098475846,0.12406793145229005
108,pi-,x,0.0284042727272727,0.3511111111111111,0.4833333333333333,6.336666666666667,0.11921495756124825,0.20394370516532828,0.23214757297815306,0.40273791663837727,0.49667834933642857,0.11921495756124825
109,pi-,x,0.0311481818181818,0.3511111111111111,0.4833333333333333,6.336666666666667,0.11478621924805377,0.19777180457744564,0.2270854569362617,0.4057169684401937,0.5054169993968346,0.11478621924805377
110,pi-,x,0.0338920909090909,0.3511111111111111,0.4833333333333333,6.336666666666667,0.1107297940289788,0.19198519392823019,0.2222800998094388,0.4084918253766185,0.5139063350658772,0.1107297940289788
111,pi-,x,0.036636,0.3511111111111111,0.4833333333333333,6.336666666666667,0.10697825776633706,0.18651949664170792,0.2176917210219684,0.41107016841074673,0.5221322264719017,0.10697825776633706
112,pi-,x,0.039379909090909,0.3511111111111111,0.4833333333333333,6.336666666666667,0.1034725909888977,0.18130090279462496,0.21326280279780363,0.413400738964225,0.5300453202644424,0.1034725909888977
113,pi-,x,0.0421238181818181,0.3511111111111111,0.4833333333333333,6.336666666666667,0.10018114306998284,0.17630768645258832,0.20898221913452347,0.41553518671008177,0.5376922754160648,0.10018114306998284
114,pi-,x,0.0448677272727272,0.3511111111111111,0.4833333333333333,6.336666666666667,0.09708553262254026,0.17150946208515624,0.20484130228536726,0.4174729642930505,0.5450645213981025,0.09708553262254026
115,pi-,x,0.0476116363636363,0.3511111111111111,0.4833333333333333,6.336666666666667,0.09416876175325425,0.16688606432544187,0.20083009443804398,0.4192342196377158,0.5521858450086786,0.09416876175325425
116,pi-,x,0.0503555454545454,0.3511111111111111,0.4833333333333333,6.336666666666667,0.09140813889516673,0.1624221304565818,0.19693645150185313,0.42084472864132244,0.5590819347229743,0.09140813889516673
117,pi-,x,0.0530994545454545,0.3511111111111111,0.4833333333333333,6.336666666666667,0.0887806041296242,0.1580902273049763,0.1931478746240272,0.42227789976729374,0.5657060634110305,0.0887806041296242
118,pi-,x,0.0558433636363636,0.3511111111111111,0.4833333333333333,6.336666666666667,0.08626821706153513,0.15387185290231645,0.18945240728026028,0.42353747351288357,0.5720598494864025,0.08626821706153513
119,pi-,x,0.0585872727272727,0.3511111111111111,0.4833333333333333,6.336666666666667,0.08386242425901688,0.14976286278980588,0.18584418966203445,0.4246574485346829,0.5781902739659056,0.08386242425901688
120,pi-,x,0.0613311818181818,0.3511111111111111,0.4833333333333333,6.336666666666667,0.08155862235998107,0.14575896592470147,0.1823253273913401,0.42563290839790396,0.5840825926357112,0.08155862235998107
121,pi-,x,0.0640750909090909,0.3511111111111111,0.4833333333333333,6.336666666666667,0.07935201768619923,0.1418549800015723,0.1788959757535091,0.4264654561396184,0.5897337935692475,0.07935201768619923
122,pi-,x,0.066819,0.3511111111111111,0.4833333333333333,6.336666666666667,0.07723450433323062,0.13804059287099346,0.17554782328468715,0.42718835610247363,0.595193802543303,0.07723450433323062
123,pi-,x,0.069562909090909,0.3511111111111111,0.4833333333333333,6.336666666666667,0.07519660821989675,0.134313149428173,0.17227435233023003,0.4277921511054934,0.6004487781237016,0.07519660821989675
124,pi-,x,0.0723068181818181,0.3511111111111111,0.4833333333333333,6.336666666666667,0.07323024506557133,0.1306714702646871,0.16907085639604186,0.4282614765804307,0.6054755210660955,0.07323024506557133
125,pi-,x,0.0750507272727272,0.3511111111111111,0.4833333333333333,6.336666666666667,0.07132817330752814,0.1271093600092852,0.16593275208045755,0.42859756123559367,0.6102740127917562,0.07132817330752814
126,pi-,x,0.0777946363636363,0.3511111111111111,0.4833333333333333,6.336666666666667,0.06948576571304609,0.12361548600565177,0.1628556047614768,0.42882979845892416,0.614886292114261,0.06948576571304609
127,pi-,x,0.0805385454545454,0.3511111111111111,0.4833333333333333,6.336666666666667,0.06770199757498842,0.12019712793072165,0.15983693303482985,0.4289516103753715,0.6193090148665561,0.06770199757498842
128,pi-,x,0.0832824545454545,0.3511111111111111,0.4833333333333333,6.336666666666667,0.06597579063326078,0.1168608577119489,0.15687448503620663,0.42895600139460566,0.6235374756231418,0.06597579063326078
129,pi-,x,0.0860263636363636,0.3511111111111111,0.4833333333333333,6.336666666666667,0.06430519750118886,0.11360596695836007,0.15396627724136877,0.42884646916013386,0.6275788462517594,0.06430519750118886
130,pi-,x,0.0887702727272727,0.3511111111111111,0.4833333333333333,6.336666666666667,0.06268517543348698,0.11041545062961859,0.15110968140673303,0.4286495565866724,0.6314666306574587,0.06268517543348698
131,pi-,x,0.0915141818181818,0.3511111111111111,0.4833333333333333,6.336666666666667,0.06111255618076369,0.10729569947996395,0.1483002274150545,0.4283555426544385,0.6351914581846793,0.06111255618076369
132,pi-,x,0.0942580909090909,0.3511111111111111,0.4833333333333333,6.336666666666667,0.05958470075658278,0.10425407696265407,0.14553385202213157,0.4279533058058651,0.63874216565276,0.05958470075658278
133,pi-,x,0.097002,0.3511111111111111,0.4833333333333333,6.336666666666667,0.058099107653864834,0.10129572622848607,0.1428070255448712,0.4274349627786291,0.6421112289940424,0.058099107653864834
134,pi-,x,0.0997459090909091,0.3511111111111111,0.4833333333333333,6.336666666666667,0.05665145714295716,0.09840402036697937,0.1401183273910406,0.42682105328048564,0.6453240508393706,0.05665145714295716
135,pi-,x,0.1024898181818182,0.3511111111111111,0.4833333333333333,6.336666666666667,0.055240781199782985,0.09557699270980186,0.1374663227719287,0.4261180268038241,0.6483909146816768,0.055240781199782985
136,pi-,x,0.1052337272727272,0.3511111111111111,0.4833333333333333,6.336666666666667,0.05386759560204141,0.09282312197690341,0.13484907266193,0.4253196746409367,0.6513074876876882,0.05386759560204141
137,pi-,x,0.1079776363636363,0.3511111111111111,0.4833333333333333,6.336666666666667,0.05253219031230321,0.09014933792591245,0.13226481151221656,0.4244211656547802,0.6540707245955173,0.05253219031230321
138,pi-,x,0.1107215454545454,0.3511111111111111,0.4833333333333333,6.336666666666667,0.051234129294012755,0.08755747977458524,0.12971198331896847,0.42342300027864815,0.656684048566235,0.051234129294012755
139,pi-,x,0.1134654545454545,0.3511111111111111,0.4833333333333333,6.336666666666667,0.049969807696501466,0.0850306566522723,0.12718949089443404,0.42234525371924314,0.659174102759495,0.049969807696501466
140,pi-,x,0.1162093636363636,0.3511111111111111,0.4833333333333333,6.336666666666667,0.0487376124609754,0.08257053855244921,0.124696146897525,0.4211860891264271,0.6615365907399178,0.0487376124609754
141,pi-,x,0.1189532727272727,0.3511111111111111,0.4833333333333333,6.336666666666667,0.047536445630315734,0.08018152001209237,0.12223080499313717,0.41994065029515565,0.6637634353407702,0.047536445630315734
142,pi-,x,0.1216971818181818,0.3511111111111111,0.4833333333333333,6.336666666666667,0.04636525632270748,0.07786718565340627,0.11979239884909089,0.418605051770074,0.6658480926493854,0.04636525632270748
143,pi-,x,0.1244410909090909,0.3511111111111111,0.4833333333333333,6.336666666666667,0.045222622219210126,0.0756278224238519,0.11737937794858344,0.41717879785264184,0.6677904510473331,0.045222622219210126
144,pi-,x,0.127185,0.3511111111111111,0.4833333333333333,6.336666666666667,0.04410570095892965,0.07345068376420115,0.11498857007561537,0.41567533884232016,0.6696155882433602,0.04410570095892965
145,pi-,x,0.1299289090909091,0.3511111111111111,0.4833333333333333,6.336666666666667,0.04301461759893091,0.07133623503783151,0.11262113903444743,0.41409661242165285,0.6713220076791706,0.04301461759893091
146,pi-,x,0.1326728181818182,0.3511111111111111,0.4833333333333333,6.336666666666667,0.04194984047626935,0.06928703760019489,0.11027865641357552,0.4124423837365482,0.6729041290025201,0.04194984047626935
147,pi-,x,0.1354167272727273,0.3511111111111111,0.4833333333333333,6.336666666666667,0.04091171452873984,0.06730517482934467,0.10796245433424702,0.4107126817257714,0.674357386407245,0.04091171452873984
148,pi-,x,0.1381606363636363,0.3511111111111111,0.4833333333333333,6.336666666666667,0.03990038309018047,0.06539196806418718,0.1056733788065312,0.40890799973639025,0.675679198740376,0.03990038309018047
149,pi-,x,0.1409045454545454,0.3511111111111111,0.4833333333333333,6.336666666666667,0.03891358730549326,0.06354015373828022,0.10340625316129447,0.4070347397793789,0.67689138839029,0.03891358730549326
150,pi-,x,0.1436484545454545,0.3511111111111111,0.4833333333333333,6.336666666666667,0.037950013084432375,0.06174632357530026,0.10116076030846503,0.4050965306434872,0.6779971971452703,0.037950013084432375
151,pi-,x,0.1463923636363636,0.3511111111111111,0.4833333333333333,6.336666666666667,0.037009259754343715,0.060010364916347356,0.09893927266384828,0.4030946458101367,0.6789891410308754,0.037009259754343715
152,pi-,x,0.1491362727272727,0.3511111111111111,0.4833333333333333,6.336666666666667,0.03609092122336695,0.058332049217257015,0.09674386241334464,0.40103038752431913,0.6798608147654954,0.03609092122336695
153,pi-,x,0.1518801818181818,0.3511111111111111,0.4833333333333333,6.336666666666667,0.035194588242807745,0.05671104875356404,0.09457633433171359,0.39890507728198404,0.6806067686901482,0.035194588242807745
154,pi-,x,0.1546240909090909,0.3511111111111111,0.4833333333333333,6.336666666666667,0.03431920592014424,0.0551456578951907,0.09243499272381822,0.3967200757215494,0.6812318197103466,0.03431920592014424
155,pi-,x,0.157368,0.3511111111111111,0.4833333333333333,6.336666666666667,0.033463013834331826,0.05363166875565039,0.09031371406175043,0.39447791873007215,0.6817559027840975,0.033463013834331826
156,pi-,x,0.1601119090909091,0.3511111111111111,0.4833333333333333,6.336666666666667,0.032626209551915676,0.052167861181550805,0.08821553243323436,0.39218204327511846,0.6821745285583758,0.032626209551915676
157,pi-,x,0.1628558181818182,0.3511111111111111,0.4833333333333333,6.336666666666667,0.03180902999061627,0.05075320599459035,0.08614360408400754,0.38983568865643137,0.682482590853525,0.03180902999061627
158,pi-,x,0.1655997272727272,0.3511111111111111,0.4833333333333333,6.336666666666667,0.031011654513655503,0.04938668543522349,0.08410073542523827,0.3874418873184319,0.6826756969352216,0.031011654513655503
159,pi-,x,0.1683436363636363,0.3511111111111111,0.4833333333333333,6.336666666666667,0.030234211464251697,0.04806729495075922,0.08208941737505605,0.3850034805472522,0.6827500927598142,0.030234211464251697
160,pi-,x,0.1710875454545454,0.3511111111111111,0.4833333333333333,6.336666666666667,0.029475860322572326,0.046794122366866905,0.08010576207696347,0.3825207899128469,0.6827172763525742,0.029475860322572326
161,pi-,x,0.1738314545454545,0.3511111111111111,0.4833333333333333,6.336666666666667,0.028735313981260273,0.04556533542538283,0.07814546818221557,0.37999410962852065,0.6825887182679147,0.028735313981260273
162,pi-,x,0.1765753636363636,0.3511111111111111,0.4833333333333333,6.336666666666667,0.028012143307231455,0.04437862225029465,0.07621099321593774,0.3774263551597388,0.6823591088738289,0.028012143307231455
163,pi-,x,0.1793192727272727,0.3511111111111111,0.4833333333333333,6.336666666666667,0.027305932342392567,0.04323181420944814,0.07430454106346557,0.3748202580227051,0.682023777177378,0.027305932342392567
164,pi-,x,0.1820631818181818,0.3511111111111111,0.4833333333333333,6.336666666666667,0.026616277348675808,0.042122875533073395,0.07242808100852291,0.37217837768194123,0.6815786398080489,0.026616277348675808
165,pi-,x,0.1848070909090909,0.3511111111111111,0.4833333333333333,6.336666666666667,0.025942786454917415,0.04104989365392113,0.07058336889760386,0.3695031139588276,0.6810201453159042,0.025942786454917415
166,pi-,x,0.187551,0.3511111111111111,0.4833333333333333,6.336666666666667,0.025284551405175007,0.04001269044375506,0.06876596498046343,0.3667923338872524,0.6803578508803052,0.025284551405175007
167,pi-,x,0.1902949090909091,0.3511111111111111,0.4833333333333333,6.336666666666667,0.024640967179062338,0.03901096049195355,0.06697240375459003,0.3640455929851789,0.6796013178338084,0.024640967179062338
168,pi-,x,0.1930388181818181,0.3511111111111111,0.4833333333333333,6.336666666666667,0.024012070720916823,0.038042823416451675,0.0652053723480365,0.3612673225597671,0.6787480082484151,0.024012070720916823
169,pi-,x,0.1957827272727272,0.3511111111111111,0.4833333333333333,6.336666666666667,0.023397877256946028,0.03710651069263794,0.06346730325295581,0.3584616384881581,0.6777957318574486,0.023397877256946028
170,pi-,x,0.1985266363636363,0.3511111111111111,0.4833333333333333,6.336666666666667,0.02279838254210901,0.03620035786961071,0.06176039561650331,0.3556323649683429,0.6767426141751428,0.02279838254210901
171,pi-,x,0.2012705454545454,0.3511111111111111,0.4833333333333333,6.336666666666667,0.022213564887972295,0.03532279741448617,0.06008663463063295,0.352783056266066,0.6755870675916927,0.022213564887972295
172,pi-,x,0.2040144545454545,0.3511111111111111,0.4833333333333333,6.336666666666667,0.021643039703861583,0.03447375670749377,0.058444081244899394,0.3499128346635278,0.6743335269650081,0.021643039703861583
173,pi-,x,0.2067583636363636,0.3511111111111111,0.4833333333333333,6.336666666666667,0.02108600015091885,0.03365403447499605,0.05682760338120033,0.3470173527534834,0.6729909846619886,0.02108600015091885
174,pi-,x,0.2095022727272727,0.3511111111111111,0.4833333333333333,6.336666666666667,0.02054217703976191,0.03286169129863013,0.05523874697889814,0.3440998222520969,0.6715578411237579,0.02054217703976191
175,pi-,x,0.2122461818181818,0.3511111111111111,0.4833333333333333,6.336666666666667,0.02001131947726834,0.03209484960629092,0.05367905162018893,0.34116340113561333,0.670032508921606,0.02001131947726834
176,pi-,x,0.2149900909090909,0.3511111111111111,0.4833333333333333,6.336666666666667,0.019493181720336133,0.03135174597784751,0.05214991023249282,0.33821103681989023,0.6684136302987425,0.019493181720336133
177,pi-,x,0.217734,0.3511111111111111,0.4833333333333333,6.336666666666667,0.018987523139127917,0.030630723471814766,0.05065258057326136,0.3352454807756459,0.6667000574503246,0.018987523139127917
178,pi-,x,0.220477909090909,0.3511111111111111,0.4833333333333333,6.336666666666667,0.018494033098080297,0.029930813725295737,0.04918703377579,0.332267815346899,0.664892733336728,0.018494033098080297
179,pi-,x,0.2232218181818182,0.3511111111111111,0.4833333333333333,6.336666666666667,0.018012122354381387,0.02925359241872465,0.04774826487717241,0.3292730508200564,0.6630010429573123,0.018012122354381387
180,pi-,x,0.2259657272727273,0.3511111111111111,0.4833333333333333,6.336666666666667,0.017541596284789,0.02859797038209986,0.04633655296361885,0.32626336718198734,0.6610261631628572,0.017541596284789
181,pi-,x,0.2287096363636364,0.3511111111111111,0.4833333333333333,6.336666666666667,0.017082320318914188,0.027962488118579966,0.044952971840027035,0.32324191262501595,0.6589679323317577,0.017082320318914188
182,pi-,x,0.2314535454545455,0.3511111111111111,0.4833333333333333,6.336666666666667,0.016634158945449513,0.027345769764386265,0.04359849425205616,0.3202116310219121,0.6568262866734138,0.016634158945449513
183,pi-,x,0.2341974545454545,0.3511111111111111,0.4833333333333333,6.336666666666667,0.01619697601545225,0.026746517828187898,0.04227399935755306,0.3171752753766125,0.6546012514347976,0.01619697601545225
184,pi-,x,0.2369413636363636,0.3511111111111111,0.4833333333333333,6.336666666666667,0.015770635014012876,0.02616350830531452,0.04098027961994992,0.3141354202940562,0.6522929328455539,0.015770635014012876
185,pi-,x,0.2396852727272727,0.3511111111111111,0.4833333333333333,6.336666666666667,0.015354955422401256,0.025597561182526537,0.039715230603379885,0.3110887927452491,0.6499042024238704,0.015354955422401256
186,pi-,x,0.2424291818181818,0.3511111111111111,0.4833333333333333,6.336666666666667,0.014949623150613768,0.025049326798246948,0.03847658160119281,0.3080324847559199,0.6474384911485807,0.014949623150613768
187,pi-,x,0.2451730909090909,0.3511111111111111,0.4833333333333333,6.336666666666667,0.014554311744618336,0.02451741094793748,0.03726481293924195,0.30496943232718815,0.6448967688721156,0.014554311744618336
188,pi-,x,0.247917,0.3511111111111111,0.4833333333333333,6.336666666666667,0.014168708058886093,0.024000497572607662,0.03608035182800861,0.3019023888398995,0.6422800111690397,0.014168708058886093
189,pi-,x,0.2506609090909091,0.3511111111111111,0.4833333333333333,6.336666666666667,0.013792511583920287,0.02349734408323218,0.03492357619345303,0.2988339363741443,0.6395891973843932,0.013792511583920287
190,pi-,x,0.2534048181818182,0.3511111111111111,0.4833333333333333,6.336666666666667,0.013425433814428428,0.023006776989077517,0.033794818240201516,0.2957664962843103,0.6368253088631745,0.013425433814428428
191,pi-,x,0.2561487272727273,0.3511111111111111,0.4833333333333333,6.336666666666667,0.013067209347273174,0.02252788019061287,0.03269417436289763,0.29270173109167213,0.6339893124710662,0.013067209347273174
192,pi-,x,0.2588926363636363,0.3511111111111111,0.4833333333333333,6.336666666666667,0.012717746649958723,0.0220621423425822,0.03161932532493557,0.28963396763565585,0.631082345171591,0.012717746649958723
193,pi-,x,0.2616365454545454,0.3511111111111111,0.4833333333333333,6.336666666666667,0.012376899312646452,0.021609346147519817,0.03056964683844769,0.2865634064984046,0.6281063970872084,0.012376899312646452
194,pi-,x,0.2643804545454545,0.3511111111111111,0.4833333333333333,6.336666666666667,0.012044483716794776,0.021168536065333848,0.029545276370434182,0.2834926396289075,0.6250635356128758,0.012044483716794776
195,pi-,x,0.2671243636363636,0.3511111111111111,0.4833333333333333,6.336666666666667,0.011720321527125306,0.02073880639148876,0.028546325275697646,0.2804241044728256,0.6219557553494309,0.011720321527125306
196,pi-,x,0.2698682727272727,0.3511111111111111,0.4833333333333333,6.336666666666667,0.011404239497768764,0.020319298477946102,0.02757288069764239,0.2773600930008192,0.6187849812625081,0.011404239497768764
197,pi-,x,0.2726121818181818,0.3511111111111111,0.4833333333333333,6.336666666666667,0.011096069287031727,0.01990919812828638,0.026625007334363453,0.274302760157513,0.6155530716768112,0.011096069287031727
198,pi-,x,0.2753560909090909,0.3511111111111111,0.4833333333333333,6.336666666666667,0.010795690333213735,0.019508116133745514,0.025702489968274365,0.2712526569117923,0.6122611508615613,0.010795690333213735
199,pi-,x,0.2781,0.3511111111111111,0.4833333333333333,6.336666666666667,0.010503128547053694,0.01911737748210754,0.024803845719476914,0.2682038333606532,0.6089076458333167,0.010503128547053694
200,k+,x,0.006452,0.4144444444444444,0.5500000000000002,7.621111111111111,0.20288199987372804,0.3066971614778091,0.31841640390538856,0.3964040980750668,0.4398055817843003,0.20288199987372804
201,k+,x,0.0092625858585858,0.4144444444444444,0.5500000000000002,7.621111111111111,0.1834488181740092,0.28271130085600515,0.29770908704759547,0.39302871924747657,0.4446436810515165,0.1834488181740092
202,k+,x,0.0120731717171717,0.4144444444444444,0.5500000000000002,7.621111111111111,0.1694330437879456,0.2655637687875783,0.2833967652187623,0.3935758591246843,0.4525000439081748,0.1694330437879456
203,k+,x,0.0148837575757575,0.4144444444444444,0.5500000000000002,7.621111111111111,0.15838866545901298,0.2519946052934732,0.27228888668777934,0.39560312359649025,0.46134471418610623,0.15838866545901298
204,k+,x,0.0176943434343434,0.4144444444444444,0.5500000000000002,7.621111111111111,0.14929511898042253,0.24067873305796286,0.26311378770628996,0.3982826580754759,0.4705532566607731,0.14929511898042253
205,k+,x,0.0205049292929292,0.4144444444444444,0.5500000000000002,7.621111111111111,0.14150757396886604,0.23084339336062012,0.25514308618923776,0.40112333098643144,0.4797162608982438,0.14150757396886604
206,k+,x,0.0233155151515151,0.4144444444444444,0.5500000000000002,7.621111111111111,0.13474523984404987,0.2221249436341758,0.2480461525759603,0.40400310762860253,0.4888166671910638,0.13474523984404987
207,k+,x,0.026126101010101,0.4144444444444444,0.5500000000000002,7.621111111111111,0.12875278408634697,0.21424192023837296,0.2415799911897683,0.40679473158931856,0.49772722982966505,0.12875278408634697
208,k+,x,0.0289366868686868,0.4144444444444444,0.5500000000000002,7.621111111111111,0.12334311735600562,0.20698787001947722,0.23556173289804097,0.40940607513177885,0.5063676180451924,0.12334311735600562
209,k+,x,0.0317472727272727,0.4144444444444444,0.5500000000000002,7.621111111111111,0.11843349534977161,0.20025896414616845,0.2299192058991692,0.4118410091169928,0.5147588598502079,0.11843349534977161
210,k+,x,0.0345578585858585,0.4144444444444444,0.5500000000000002,7.621111111111111,0.11395485215783974,0.19398087988727258,0.22459947336166583,0.41412753673439434,0.5229372326094378,0.11395485215783974
211,k+,x,0.0373684444444444,0.4144444444444444,0.5500000000000002,7.621111111111111,0.10982390677543707,0.1880641660348987,0.21953806308140264,0.4162289808406618,0.5308507065558045,0.10982390677543707
212,k+,x,0.0401790303030303,0.4144444444444444,0.5500000000000002,7.621111111111111,0.1059768143533302,0.18243728498145767,0.21467810577375232,0.41811360110972534,0.5384690948073815,0.1059768143533302
213,k+,x,0.0429896161616161,0.4144444444444444,0.5500000000000002,7.621111111111111,0.10238072824945425,0.1770733507976977,0.21000734035397295,0.41982797904314306,0.5458331627423029,0.10238072824945425
214,k+,x,0.045800202020202,0.4144444444444444,0.5500000000000002,7.621111111111111,0.0990127067322814,0.17193558738653206,0.20551103558984513,0.42136089778857977,0.5529233072724887,0.0990127067322814
215,k+,x,0.0486107878787878,0.4144444444444444,0.5500000000000002,7.621111111111111,0.09584988614896661,0.1670052887255022,0.2011743535087855,0.4227514389795739,0.5597895230957951,0.09584988614896661
216,k+,x,0.0514213737373737,0.4144444444444444,0.5500000000000002,7.621111111111111,0.09286290705389205,0.16225498324924661,0.19697978778616693,0.4239931849401191,0.5664138861879834,0.09286290705389205
217,k+,x,0.0542319595959596,0.4144444444444444,0.5500000000000002,7.621111111111111,0.09002609906285826,0.1576554858217835,0.1929118109127104,0.42505938713425756,0.572751927630791,0.09002609906285826
218,k+,x,0.0570425454545454,0.4144444444444444,0.5500000000000002,7.621111111111111,0.08732174133651438,0.15319143624886866,0.1889557264881657,0.4259796165504821,0.578846964842637,0.08732174133651438
219,k+,x,0.0598531313131313,0.4144444444444444,0.5500000000000002,7.621111111111111,0.08474194193075968,0.14885745554339394,0.1851089311829245,0.4267656261109414,0.5847107647082714,0.08474194193075968
220,k+,x,0.0626637171717171,0.4144444444444444,0.5500000000000002,7.621111111111111,0.08228022935740685,0.1446478000297199,0.18137142387287553,0.4274108381425457,0.5903270030661061,0.08228022935740685
221,k+,x,0.065474303030303,0.4144444444444444,0.5500000000000002,7.621111111111111,0.07992913740960303,0.14055258719154695,0.177738237199342,0.4279341558307055,0.5957215575426748,0.07992913740960303
222,k+,x,0.0682848888888889,0.4144444444444444,0.5500000000000002,7.621111111111111,0.07767726408207055,0.13656221716690956,0.174198489413322,0.4283529043144212,0.6009226631670478,0.07767726408207055
223,k+,x,0.0710954747474747,0.4144444444444444,0.5500000000000002,7.621111111111111,0.07551393575548768,0.1326746439429906,0.1707452975205616,0.4286468901624865,0.6059006591517143,0.07551393575548768
224,k+,x,0.0739060606060606,0.4144444444444444,0.5500000000000002,7.621111111111111,0.07342998206327882,0.12888677806232438,0.16737258948688305,0.42880305739701685,0.6106362571075448,0.07342998206327882
225,k+,x,0.0767166464646464,0.4144444444444444,0.5500000000000002,7.621111111111111,0.07141797197613538,0.1251830048230449,0.1640744926896852,0.4288494387089167,0.6151679964801341,0.07141797197613538
226,k+,x,0.0795272323232323,0.4144444444444444,0.5500000000000002,7.621111111111111,0.06947525822324162,0.12156461854597568,0.16084702524450714,0.42879099442475277,0.6195083014657691,0.06947525822324162
227,k+,x,0.0823378181818181,0.4144444444444444,0.5500000000000002,7.621111111111111,0.06760004211622495,0.11803874134602509,0.157686958342966,0.4286187649494223,0.6236506705734166,0.06760004211622495
228,k+,x,0.085148404040404,0.4144444444444444,0.5500000000000002,7.621111111111111,0.06579028866237412,0.1146093571053129,0.15459132681205012,0.4283281995244225,0.6275933808281836,0.06579028866237412
229,k+,x,0.0879589898989899,0.4144444444444444,0.5500000000000002,7.621111111111111,0.06404104422120978,0.11125865656946564,0.15155746075883736,0.42794662767508723,0.6313721268359084,0.06404104422120978
230,k+,x,0.0907695757575757,0.4144444444444444,0.5500000000000002,7.621111111111111,0.062347727014412706,0.10798651254955857,0.14858045945971177,0.42747295070110947,0.6349877143758521,0.062347727014412706
231,k+,x,0.0935801616161616,0.4144444444444444,0.5500000000000002,7.621111111111111,0.060706867267673374,0.1048005970501579,0.14565541518720632,0.42689429786309674,0.6384266496204518,0.060706867267673374
232,k+,x,0.0963907474747474,0.4144444444444444,0.5500000000000002,7.621111111111111,0.05911530760553358,0.10170683897916559,0.14277801455294228,0.4262006406390794,0.6416787162216765,0.05911530760553358
233,k+,x,0.0992013333333333,0.4144444444444444,0.5500000000000002,7.621111111111111,0.05756868552932529,0.09869400714378783,0.13994564461761394,0.4254043899941314,0.6447604443203544,0.05756868552932529
234,k+,x,0.1020119191919192,0.4144444444444444,0.5500000000000002,7.621111111111111,0.05606463477854433,0.09575222761118231,0.1371568235773436,0.42452074479944907,0.6476927028085756,0.05606463477854433
235,k+,x,0.104822505050505,0.4144444444444444,0.5500000000000002,7.621111111111111,0.05460340249128289,0.09289023101639678,0.13440928553499232,0.4235429605462231,0.6504704056311563,0.05460340249128289
236,k+,x,0.1076330909090909,0.4144444444444444,0.5500000000000002,7.621111111111111,0.053185018618643,0.09011509681263637,0.13170096021113104,0.4224657821700209,0.6530899230306,0.053185018618643
237,k+,x,0.1104436767676767,0.4144444444444444,0.5500000000000002,7.621111111111111,0.05180902557226913,0.08743017385341846,0.12902995909726078,0.42128779529035487,0.6555523586969899,0.05180902557226913
238,k+,x,0.1132542626262626,0.4144444444444444,0.5500000000000002,7.621111111111111,0.05047180138394816,0.08481854118958129,0.12639467957179926,0.4200289873156503,0.6578858491292089,0.05047180138394816
239,k+,x,0.1160648484848484,0.4144444444444444,0.5500000000000002,7.621111111111111,0.049171134409262,0.08227978965270666,0.12379371268849446,0.4186894084680329,0.6600882972656904,0.049171134409262
240,k+,x,0.1188754343434343,0.4144444444444444,0.5500000000000002,7.621111111111111,0.04790554255856474,0.07981807994569864,0.12122574024127368,0.4172640091774423,0.6621507119419295,0.04790554255856474
241,k+,x,0.1216860202020202,0.4144444444444444,0.5500000000000002,7.621111111111111,0.04667362715533342,0.07743674830889058,0.11868953043528517,0.41574876954456275,0.6640658257710362,0.04667362715533342
242,k+,x,0.124496606060606,0.4144444444444444,0.5500000000000002,7.621111111111111,0.04547366849467646,0.0751357776506363,0.11618329486644113,0.4141431484091659,0.6658333648626475,0.04547366849467646
243,k+,x,0.1273071919191919,0.4144444444444444,0.5500000000000002,7.621111111111111,0.04430277031100008,0.07290236408312636,0.11370345470083687,0.41246042317424714,0.6674793471229626,0.04430277031100008
244,k+,x,0.1301177777777777,0.4144444444444444,0.5500000000000002,7.621111111111111,0.04316094344484704,0.07073680715551502,0.11125119461274663,0.41070262797499524,0.6690020051276221,0.04316094344484704
245,k+,x,0.1329283636363636,0.4144444444444444,0.5500000000000002,7.621111111111111,0.04204850760237111,0.06864138933174793,0.10882812549716876,0.4088697366456944,0.6703955179889173,0.04204850760237111
246,k+,x,0.1357389494949495,0.4144444444444444,0.5500000000000002,7.621111111111111,0.04096566418797966,0.06661792067795891,0.10643559593603631,0.40696197336172196,0.6716551547467966,0.04096566418797966
247,k+,x,0.1385495353535353,0.4144444444444444,0.5500000000000002,7.621111111111111,0.03991229162900633,0.06466698982226983,0.10407402371951112,0.40498030515207595,0.6727798618583696,0.03991229162900633
248,k+,x,0.1413601212121212,0.4144444444444444,0.5500000000000002,7.621111111111111,0.03888586215819298,0.06278061854532388,0.10173750238217613,0.4029312908489165,0.6737936037227938,0.03888586215819298
249,k+,x,0.1441707070707071,0.4144444444444444,0.5500000000000002,7.621111111111111,0.03788518214458781,0.06095620079371216,0.09942660543165033,0.4008179657847467,0.6746957890492952,0.03788518214458781
250,k+,x,0.1469812929292929,0.4144444444444444,0.5500000000000002,7.621111111111111,0.036909662825589884,0.05919327595336089,0.09714371210842994,0.398641901339447,0.6754787730626418,0.036909662825589884
251,k+,x,0.1497918787878788,0.4144444444444444,0.5500000000000002,7.621111111111111,0.035958724168375214,0.05749129236330105,0.09489088464554137,0.39640466796681,0.676136048716202,0.035958724168375214
252,k+,x,0.1526024646464646,0.4144444444444444,0.5500000000000002,7.621111111111111,0.035031795934240516,0.05584962219652784,0.09266990391008224,0.3941078284037104,0.6766621139241628,0.035031795934240516
253,k+,x,0.1554130505050505,0.4144444444444444,0.5500000000000002,7.621111111111111,0.03412723242177717,0.05426537822242732,0.09047611213842069,0.3917526658644509,0.6770701330456756,0.03412723242177717
254,k+,x,0.1582236363636363,0.4144444444444444,0.5500000000000002,7.621111111111111,0.033243863793613104,0.052735135369652276,0.08830602239087414,0.38934200245738004,0.6773731617764288,0.033243863793613104
255,k+,x,0.1610342222222222,0.4144444444444444,0.5500000000000002,7.621111111111111,0.03238188819363048,0.05125759678500527,0.08616317517259375,0.3868795499715093,0.6775654416196863,0.03238188819363048
256,k+,x,0.1638448080808081,0.4144444444444444,0.5500000000000002,7.621111111111111,0.03154144372108481,0.049831494625150824,0.08405070834736596,0.3843687664425451,0.6776420243948913,0.03154144372108481
257,k+,x,0.1666553939393939,0.4144444444444444,0.5500000000000002,7.621111111111111,0.03072261543329134,0.04845559029792714,0.08197139692374082,0.3818128764342898,0.6775986876766029,0.03072261543329134
258,k+,x,0.1694659797979798,0.4144444444444444,0.5500000000000002,7.621111111111111,0.02992532358212318,0.04712874221186708,0.07992676193755745,0.37921447930429086,0.6774340863935712,0.02992532358212318
259,k+,x,0.1722765656565656,0.4144444444444444,0.5500000000000002,7.621111111111111,0.029148145917047157,0.045849968457836246,0.07790943512664213,0.376572290273709,0.6771675834522906,0.029148145917047157
260,k+,x,0.1750871515151515,0.4144444444444444,0.5500000000000002,7.621111111111111,0.028390212668872972,0.044616861314358394,0.07591937288713961,0.37388840845622173,0.6767998492430547,0.028390212668872972
261,k+,x,0.1778977373737374,0.4144444444444444,0.5500000000000002,7.621111111111111,0.027650970220302593,0.04342688859616526,0.0739589061267552,0.37116591107221464,0.6763257739120828,0.027650970220302593
262,k+,x,0.1807083232323232,0.4144444444444444,0.5500000000000002,7.621111111111111,0.026929886602878355,0.04227768126851648,0.0720301085516471,0.3684076698040606,0.6757409015143798,0.026929886602878355
263,k+,x,0.1835189090909091,0.4144444444444444,0.5500000000000002,7.621111111111111,0.02622645043923982,0.04116702102937003,0.07013482078766224,0.36561636647502527,0.6750413659466583,0.02622645043923982
264,k+,x,0.1863294949494949,0.4144444444444444,0.5500000000000002,7.621111111111111,0.02554002625501622,0.04009337796455857,0.06827283989922107,0.36279302410579306,0.6742275461151702,0.02554002625501622
265,k+,x,0.1891400808080808,0.4144444444444444,0.5500000000000002,7.621111111111111,0.024869609419602163,0.039057438481899576,0.06643708714649038,0.3599336920823703,0.6733151659081938,0.024869609419602163
266,k+,x,0.1919506666666666,0.4144444444444444,0.5500000000000002,7.621111111111111,0.02421508072387373,0.03805748342377919,0.06462910554554648,0.35704217199797494,0.6723042809541281,0.02421508072387373
267,k+,x,0.1947612525252525,0.4144444444444444,0.5500000000000002,7.621111111111111,0.023576415849933637,0.03709153464917495,0.06285148126262832,0.3541230268274613,0.6711927473969161,0.023576415849933637
268,k+,x,0.1975718383838384,0.4144444444444444,0.5500000000000002,7.621111111111111,0.022953571671186106,0.03615773450812061,0.06110654467036134,0.35118048412993047,0.6699787495638831,0.022953571671186106
269,k+,x,0.2003824242424242,0.4144444444444444,0.5500000000000002,7.621111111111111,0.022346488356836613,0.03525433729200956,0.059396392226577534,0.3482184618671765,0.668660768883369,0.022346488356836613
270,k+,x,0.2031930101010101,0.4144444444444444,0.5500000000000002,7.621111111111111,0.02175497218986922,0.034380300983636966,0.05772143576537657,0.3452388327731112,0.6672397296166404,0.02175497218986922
271,k+,x,0.2060035959595959,0.4144444444444444,0.5500000000000002,7.621111111111111,0.021178182241345704,0.03353710146765585,0.05607529644043517,0.3422354508915366,0.6657262970843799,0.021178182241345704
272,k+,x,0.2088141818181818,0.4144444444444444,0.5500000000000002,7.621111111111111,0.020615695530020853,0.03272307226012753,0.05445843423339855,0.339210508171858,0.6641206349801494,0.020615695530020853
273,k+,x,0.2116247676767677,0.4144444444444444,0.5500000000000002,7.621111111111111,0.020067190203245457,0.03193614460924128,0.05287240082029584,0.3361674597624482,0.662421273864397,0.020067190203245457
274,k+,x,0.2144353535353535,0.4144444444444444,0.5500000000000002,7.621111111111111,0.019532353647650155,0.031174379144035588,0.05131859365577444,0.3331095218728436,0.6606269763755043,0.019532353647650155
275,k+,x,0.2172459393939394,0.4144444444444444,0.5500000000000002,7.621111111111111,0.019010882192868214,0.030435956938986496,0.04979826842097577,0.3300396888727172,0.6587367165719251,0.019010882192868214
276,k+,x,0.2200565252525252,0.4144444444444444,0.5500000000000002,7.621111111111111,0.0185024514516828,0.02971947294804895,0.04831199124246119,0.3269599813742963,0.6567505278109649,0.0185024514516828
277,k+,x,0.2228671111111111,0.4144444444444444,0.5500000000000002,7.621111111111111,0.01800649288100607,0.029026498399684672,0.046854871616974506,0.32386516305537466,0.6546771797712935,0.01800649288100607
278,k+,x,0.225677696969697,0.4144444444444444,0.5500000000000002,7.621111111111111,0.017522736015048307,0.028356244318836526,0.045426438594459585,0.3207565271313279,0.6525191221529647,0.017522736015048307
279,k+,x,0.2284882828282828,0.4144444444444444,0.5500000000000002,7.621111111111111,0.017051003325220564,0.02770713600212908,0.04402774505700735,0.3176374297627757,0.6502764278334985,0.017051003325220564
280,k+,x,0.2312988686868687,0.4144444444444444,0.5500000000000002,7.621111111111111,0.016591118375006007,0.02707769124549518,0.04265973958069355,0.31451100217123923,0.6479492570986815,0.016591118375006007
281,k+,x,0.2341094545454545,0.4144444444444444,0.5500000000000002,7.621111111111111,0.01614290601951158,0.02646651438176807,0.04132327438618313,0.3113801658573733,0.6455378491990013,0.01614290601951158
282,k+,x,0.2369200404040404,0.4144444444444444,0.5500000000000002,7.621111111111111,0.015706192579116884,0.025872290753498985,0.040019112657460144,0.3082476466804847,0.6430425146447474,0.015706192579116884
283,k+,x,0.2397306262626262,0.4144444444444444,0.5500000000000002,7.621111111111111,0.015280810879079164,0.025295815048901774,0.03874521985170898,0.3051101018398223,0.6404658039852351,0.015280810879079164
284,k+,x,0.2425412121212121,0.4144444444444444,0.5500000000000002,7.621111111111111,0.014866449070035396,0.024737768209157816,0.03749928737063118,0.30196441139293817,0.6378109783097964,0.014866449070035396
285,k+,x,0.245351797979798,0.4144444444444444,0.5500000000000002,7.621111111111111,0.014462727947126844,0.02419666312592161,0.036281725944441776,0.2988137027746482,0.6350793314228486,0.014462727947126844
286,k+,x,0.2481623838383838,0.4144444444444444,0.5500000000000002,7.621111111111111,0.014069284725861476,0.023671097829990793,0.03509289505102522,0.29566090319311733,0.6322721438448776,0.014069284725861476
287,k+,x,0.2509729696969697,0.4144444444444444,0.5500000000000002,7.621111111111111,0.013685772176009452,0.023159750465519914,0.03393310652684377,0.29250875183239783,0.6293906821231555,0.013685772176009452
288,k+,x,0.2537835555555555,0.4144444444444444,0.5500000000000002,7.621111111111111,0.013311857805921071,0.022661374413143802,0.03280262815427848,0.2893598117650171,0.6264361980674369,0.013311857805921071
289,k+,x,0.2565941414141414,0.4144444444444444,0.5500000000000002,7.621111111111111,0.012947259077805721,0.022175216826284157,0.03170129665903885,0.28621513076852073,0.6234097805345367,0.012947259077805721
290,k+,x,0.2594047272727273,0.4144444444444444,0.5500000000000002,7.621111111111111,0.012591931102161195,0.021702905695026038,0.03062675043899557,0.28306850135457473,0.6203121639259163,0.012591931102161195
291,k+,x,0.2622153131313131,0.4144444444444444,0.5500000000000002,7.621111111111111,0.012245691775667917,0.021243876662117103,0.02957863450483668,0.2799212023946429,0.6171455661981367,0.012245691775667917
292,k+,x,0.265025898989899,0.4144444444444444,0.5500000000000002,7.621111111111111,0.01190832768336767,0.020797129350269214,0.028557019268788057,0.2767759436852981,0.6139123411404784,0.01190832768336767
293,k+,x,0.2678364848484849,0.4144444444444444,0.5500000000000002,7.621111111111111,0.011579632198643433,0.020361716672867538,0.02756195134662725,0.2736352683812001,0.6106147516353355,0.011579632198643433
294,k+,x,0.2706470707070707,0.4144444444444444,0.5500000000000002,7.621111111111111,0.011259405206491116,0.019936741798848214,0.02659345539402239,0.2705015629757919,0.6072549739219152,0.011259405206491116
295,k+,x,0.2734576565656565,0.4144444444444444,0.5500000000000002,7.621111111111111,0.010947452840570313,0.019521355311830146,0.02565153580812779,0.2673770666267517,0.6038351016218002,0.010947452840570313
296,k+,x,0.2762682424242424,0.4144444444444444,0.5500000000000002,7.621111111111111,0.010643717676401298,0.01911575460122509,0.02473556985505249,0.26425997561057035,0.6003551088145752,0.010643717676401298
297,k+,x,0.2790788282828283,0.4144444444444444,0.5500000000000002,7.621111111111111,0.01034817485489725,0.01872093411236281,0.023844283307259316,0.2611455161743912,0.5968138153200359,0.01034817485489725
298,k+,x,0.2818894141414141,0.4144444444444444,0.5500000000000002,7.621111111111111,0.010060511214559347,0.018336058466043317,0.022977397176700234,0.25803614830036964,0.5932141003869394,0.010060511214559347
299,k+,x,0.2847,0.4144444444444444,0.5500000000000002,7.621111111111111,0.009780421215449843,0.017960296185373488,0.02213465492768202,0.2549343385801194,0.5895588005550776,0.009780421215449843
300,k-,x,0.006431,0.3811111111111111,0.5422222222222222,8.226666666666667,0.20872482643111853,0.3124079979960146,0.3241987416023963,0.4026161049369522,0.44631202322265356,0.20872482643111853
301,k-,x,0.0092468484848484,0.3811111111111111,0.5422222222222222,8.226666666666667,0.1882294808861151,0.2873280503532601,0.30241239017088617,0.3982742696234677,0.4502812452723169,0.1882294808861151
302,k-,x,0.0120626969696969,0.3811111111111111,0.5422222222222222,8.226666666666667,0.17348464899264454,0.26942612430571933,0.28735204277717896,0.3981467105286699,0.4575447180215427,0.17348464899264454
303,k-,x,0.0148785454545454,0.3811111111111111,0.5422222222222222,8.226666666666667,0.16189174894116387,0.25528508301292285,0.2756732009029862,0.3996514370494693,0.46593818398976733,0.16189174894116387
304,k-,x,0.0176943939393939,0.3811111111111111,0.5422222222222222,8.226666666666667,0.15236555255916423,0.24351431595094375,0.2660405767166371,0.40190490900102394,0.47478455763799005,0.15236555255916423
305,k-,x,0.0205102424242424,0.3811111111111111,0.5422222222222222,8.226666666666667,0.14422377268096362,0.2333038494592393,0.2576895104445262,0.40438347032074545,0.4836430056695675,0.14422377268096362
306,k-,x,0.0233260909090909,0.3811111111111111,0.5422222222222222,8.226666666666667,0.1371660118791982,0.22426981511280028,0.2502704999918977,0.40694990555503346,0.49248156305079777,0.1371660118791982
307,k-,x,0.0261419393939393,0.3811111111111111,0.5422222222222222,8.226666666666667,0.13092204150870623,0.21611596318790843,0.24352615958467064,0.40946406873895697,0.5011606569527415,0.13092204150870623
308,k-,x,0.0289577878787878,0.3811111111111111,0.5422222222222222,8.226666666666667,0.12529502072707266,0.20862649139606101,0.23726478575650933,0.4118265093513645,0.509592426533292,0.12529502072707266
309,k-,x,0.0317736363636363,0.3811111111111111,0.5422222222222222,8.226666666666667,0.12019621219778498,0.20169115838377943,0.23140804394746423,0.4140355720384717,0.5177935442825193,0.12019621219778498
310,k-,x,0.0345894848484848,0.3811111111111111,0.5422222222222222,8.226666666666667,0.11555145883909061,0.19523080382804686,0.22589849385766372,0.4161162346110027,0.5257975692880028,0.11555145883909061
311,k-,x,0.0374053333333333,0.3811111111111111,0.5422222222222222,8.226666666666667,0.11127312243317838,0.18915131409864258,0.2206669762269128,0.4180268408076159,0.5335473889879498,0.11127312243317838
312,k-,x,0.0402211818181818,0.3811111111111111,0.5422222222222222,8.226666666666667,0.10729443833114262,0.18337866306086123,0.21565408403253844,0.4197346721156319,0.5410115203782494,0.10729443833114262
313,k-,x,0.0430370303030303,0.3811111111111111,0.5422222222222222,8.226666666666667,0.10358043494249053,0.1778833746930627,0.21084517713306716,0.42128391751354083,0.5482291277520166,0.10358043494249053
314,k-,x,0.0458528787878787,0.3811111111111111,0.5422222222222222,8.226666666666667,0.10010640876552843,0.17262717265939986,0.2062238442434232,0.4226617239196861,0.5551790556903753,0.10010640876552843
315,k-,x,0.0486687272727272,0.3811111111111111,0.5422222222222222,8.226666666666667,0.09684783707285988,0.16758976059180394,0.20177354952149745,0.42390680669718317,0.5619116838087861,0.09684783707285988
316,k-,x,0.0514845757575757,0.3811111111111111,0.5422222222222222,8.226666666666667,0.09377382066909494,0.16274193918316956,0.19747518756518864,0.42501000532955013,0.5684059891556116,0.09377382066909494
317,k-,x,0.0543004242424242,0.3811111111111111,0.5422222222222222,8.226666666666667,0.0908575246302455,0.15805365587266035,0.19331196195936362,0.42594389222230816,0.5746171610640538,0.0908575246302455
318,k-,x,0.0571162727272727,0.3811111111111111,0.5422222222222222,8.226666666666667,0.08808058565324882,0.15350876322490384,0.18926833036097676,0.42673865167649794,0.5805901487299668,0.08808058565324882
319,k-,x,0.0599321212121212,0.3811111111111111,0.5422222222222222,8.226666666666667,0.08543447471972603,0.14910120186569034,0.1853411263074224,0.4274042060917838,0.5863343326070098,0.08543447471972603
320,k-,x,0.0627479696969697,0.3811111111111111,0.5422222222222222,8.226666666666667,0.08291204589017113,0.144824764891266,0.18152960150041267,0.42793341580516836,0.591832946385421,0.08291204589017113
321,k-,x,0.0655638181818181,0.3811111111111111,0.5422222222222222,8.226666666666667,0.08050521556550964,0.14066867313418388,0.17782792601045427,0.428346316496032,0.5971141746868454,0.08050521556550964
322,k-,x,0.0683796666666666,0.3811111111111111,0.5422222222222222,8.226666666666667,0.07820201384863175,0.1366229981490433,0.17422475136569365,0.4286580050679085,0.6022032948856276,0.07820201384863175
323,k-,x,0.0711955151515151,0.3811111111111111,0.5422222222222222,8.226666666666667,0.07599123737967703,0.1326853003321831,0.1707126120709888,0.4288477076272142,0.6070700557117795,0.07599123737967703
324,k-,x,0.0740113636363636,0.3811111111111111,0.5422222222222222,8.226666666666667,0.07386326096275143,0.12885187484143523,0.16728491923528876,0.4289026114868492,0.6116957165716435,0.07386326096275143
325,k-,x,0.0768272121212121,0.3811111111111111,0.5422222222222222,8.226666666666667,0.07181055429380652,0.1251065603868386,0.1639355581956946,0.4288516228961621,0.6161204898262134,0.07181055429380652
326,k-,x,0.0796430606060606,0.3811111111111111,0.5422222222222222,8.226666666666667,0.06983029146919874,0.12145104783238571,0.16066029459256315,0.4286980058834027,0.6203547347102815,0.06983029146919874
327,k-,x,0.0824589090909091,0.3811111111111111,0.5422222222222222,8.226666666666667,0.0679203590317856,0.11789209618838152,0.15745557327353765,0.42843269998560074,0.6243918637106483,0.0679203590317856
328,k-,x,0.0852747575757575,0.3811111111111111,0.5422222222222222,8.226666666666667,0.0660784097311604,0.11443294264726973,0.1543181616034519,0.4280517000717455,0.6282308707325868,0.0660784097311604
329,k-,x,0.088090606060606,0.3811111111111111,0.5422222222222222,8.226666666666667,0.06429925152377478,0.11105510989316368,0.15124513475739793,0.4275827835320193,0.6319082897346942,0.06429925152377478
330,k-,x,0.0909064545454545,0.3811111111111111,0.5422222222222222,8.226666666666667,0.06257817772392853,0.10775929010964636,0.14823134887162856,0.4270230670811471,0.6354227174140549,0.06257817772392853
331,k-,x,0.093722303030303,0.3811111111111111,0.5422222222222222,8.226666666666667,0.06091149028573012,0.10455280060826638,0.1452717488359279,0.4263597328663585,0.6387605596253173,0.06091149028573012
332,k-,x,0.0965381515151515,0.3811111111111111,0.5422222222222222,8.226666666666667,0.05929583035049529,0.1014412488950245,0.14236188680549985,0.4255828009437854,0.6419115318807109,0.05929583035049529
333,k-,x,0.099354,0.3811111111111111,0.5422222222222222,8.226666666666667,0.05772662439792693,0.09841161683212261,0.13949913562026128,0.42470676483582204,0.6448949347135124,0.05772662439792693
334,k-,x,0.1021698484848484,0.3811111111111111,0.5422222222222222,8.226666666666667,0.05620172712248477,0.09545586495517434,0.13668181671695265,0.4237445055292276,0.6477291002625182,0.05620172712248477
335,k-,x,0.1049856969696969,0.3811111111111111,0.5422222222222222,8.226666666666667,0.054721227659979325,0.09258239063875433,0.1339076035776884,0.42268939318180654,0.6504088982027111,0.054721227659979325
336,k-,x,0.1078015454545454,0.3811111111111111,0.5422222222222222,8.226666666666667,0.05328501279692216,0.08979796314827286,0.13117436710884292,0.42153628414792166,0.6529306846828659,0.05328501279692216
337,k-,x,0.1106173939393939,0.3811111111111111,0.5422222222222222,8.226666666666667,0.05189240752044913,0.08710493216370191,0.12848015005833646,0.4202846567980137,0.6552967195312682,0.05189240752044913
338,k-,x,0.1134332424242424,0.3811111111111111,0.5422222222222222,8.226666666666667,0.050539686990254226,0.08448621547571017,0.12582320945317021,0.41895438983986805,0.657535222654053,0.050539686990254226
339,k-,x,0.1162490909090909,0.3811111111111111,0.5422222222222222,8.226666666666667,0.04922465043043458,0.08194222200173372,0.12320207643369319,0.4175444067516503,0.6596424032750199,0.04922465043043458
340,k-,x,0.1190649393939394,0.3811111111111111,0.5422222222222222,8.226666666666667,0.04794569691753213,0.07947683472344005,0.12061539356490086,0.41604979479225246,0.6616092793260463,0.04794569691753213
341,k-,x,0.1218807878787878,0.3811111111111111,0.5422222222222222,8.226666666666667,0.04670132134624127,0.07709314353962547,0.1180618898275177,0.4144666491146095,0.6634285941785865,0.04670132134624127
342,k-,x,0.1246966363636363,0.3811111111111111,0.5422222222222222,8.226666666666667,0.04548962268101114,0.07479021003080598,0.11553954410662397,0.4127952217171399,0.6651017104905786,0.04548962268101114
343,k-,x,0.1275124848484848,0.3811111111111111,0.5422222222222222,8.226666666666667,0.044307839941158056,0.07255553539168325,0.1130448578424434,0.41104852609779025,0.6666542925642774,0.044307839941158056
344,k-,x,0.1303283333333333,0.3811111111111111,0.5422222222222222,8.226666666666667,0.04315603165514946,0.07038990995209038,0.11057916511434335,0.4092280566569408,0.6680832707798363,0.04315603165514946
345,k-,x,0.1331441818181818,0.3811111111111111,0.5422222222222222,8.226666666666667,0.04203443804140762,0.06829541799334833,0.1081440380225211,0.4073338923295102,0.6693829211082847,0.04203443804140762
346,k-,x,0.1359600303030303,0.3811111111111111,0.5422222222222222,8.226666666666667,0.0409431882047139,0.06627369229575532,0.1057407869048527,0.40536634602345606,0.6705485994674698,0.0409431882047139
347,k-,x,0.1387758787878787,0.3811111111111111,0.5422222222222222,8.226666666666667,0.03988199943733322,0.06432480995734008,0.1033694568115142,0.40332667136237355,0.6715805991262015,0.03988199943733322
348,k-,x,0.1415917272727272,0.3811111111111111,0.5422222222222222,8.226666666666667,0.03884828485443104,0.06244067681818397,0.10102402076089456,0.4012213411488214,0.6725030461118563,0.03884828485443104
349,k-,x,0.1444075757575757,0.3811111111111111,0.5422222222222222,8.226666666666667,0.037840937841434656,0.060619123970220234,0.09870550053800216,0.3990530623495999,0.673313457339825,0.037840937841434656
350,k-,x,0.1472234242424242,0.3811111111111111,0.5422222222222222,8.226666666666667,0.036859305035100993,0.05885955649275274,0.0964162149800711,0.39682347808872115,0.6740043113280733,0.036859305035100993
351,k-,x,0.1500392727272727,0.3811111111111111,0.5422222222222222,8.226666666666667,0.035902747581638056,0.05716130194410027,0.0941581694668006,0.39453421945887956,0.6745692125551287,0.035902747581638056
352,k-,x,0.1528551212121212,0.3811111111111111,0.5422222222222222,8.226666666666667,0.03497063462623906,0.05552361190505025,0.09193305146863714,0.39218689506251625,0.6750028690415194,0.03497063462623906
353,k-,x,0.1556709696969697,0.3811111111111111,0.5422222222222222,8.226666666666667,0.03406116029788889,0.05394326700309738,0.08973514636635319,0.38978262654156387,0.6753213846331925,0.03406116029788889
354,k-,x,0.1584868181818181,0.3811111111111111,0.5422222222222222,8.226666666666667,0.033173401741914924,0.05241722066807516,0.08756219225115902,0.3873243521024595,0.6755345052982042,0.033173401741914924
355,k-,x,0.1613026666666666,0.3811111111111111,0.5422222222222222,8.226666666666667,0.03230751036843179,0.05094409982795499,0.08541765365926585,0.384815826356848,0.6756366581717773,0.03230751036843179
356,k-,x,0.1641185151515151,0.3811111111111111,0.5422222222222222,8.226666666666667,0.0314635810880617,0.04952256730191861,0.08330459660080747,0.38226054272902066,0.6756230659211918,0.0314635810880617
357,k-,x,0.1669343636363636,0.3811111111111111,0.5422222222222222,8.226666666666667,0.03064165919361253,0.04815132171441698,0.08122572907409945,0.3796617546724397,0.6754896607161003,0.03064165919361253
358,k-,x,0.1697502121212121,0.3811111111111111,0.5422222222222222,8.226666666666667,0.02984156461946965,0.04682922082443385,0.0791819587793853,0.37702181007474717,0.6752365354281405,0.02984156461946965
359,k-,x,0.1725660606060606,0.3811111111111111,0.5422222222222222,8.226666666666667,0.029061838191569433,0.04555526741702809,0.0771657685920421,0.3743392109577099,0.6748831254952871,0.029061838191569433
360,k-,x,0.1753819090909091,0.3811111111111111,0.5422222222222222,8.226666666666667,0.02830166484983951,0.04432693861753894,0.07517782066080071,0.3716163697507013,0.6744282821753711,0.02830166484983951
361,k-,x,0.1781977575757575,0.3811111111111111,0.5422222222222222,8.226666666666667,0.02756045186411612,0.043141661054212285,0.0732203570159822,0.3688563515803046,0.6738670516980905,0.02756045186411612
362,k-,x,0.181013606060606,0.3811111111111111,0.5422222222222222,8.226666666666667,0.02683763128946406,0.041997028430902666,0.07129536905834682,0.3660620148010087,0.6731951204396088,0.02683763128946406
363,k-,x,0.1838294545454545,0.3811111111111111,0.5422222222222222,8.226666666666667,0.02613265864350521,0.04089078875466693,0.06940462114862711,0.3632360268564487,0.672408752047824,0.02613265864350521
364,k-,x,0.186645303030303,0.3811111111111111,0.5422222222222222,8.226666666666667,0.025444824272184485,0.039821650961175396,0.06754706115981965,0.3603787181808383,0.6715100080460958,0.025444824272184485
365,k-,x,0.1894611515151515,0.3811111111111111,0.5422222222222222,8.226666666666667,0.02477321638497428,0.03879025778160813,0.06571606097491958,0.3574864842115561,0.6705138572554559,0.02477321638497428
366,k-,x,0.192277,0.3811111111111111,0.5422222222222222,8.226666666666667,0.024117746267690646,0.03779471813082399,0.06391366700672972,0.3545635960857103,0.669419403589531,0.024117746267690646
367,k-,x,0.1950928484848484,0.3811111111111111,0.5422222222222222,8.226666666666667,0.023478366417055904,0.03683304418164286,0.06214239351426674,0.35161460511133236,0.668224666595642,0.023478366417055904
368,k-,x,0.1979086969696969,0.3811111111111111,0.5422222222222222,8.226666666666667,0.022855012142439447,0.03590336961438474,0.060404503850128625,0.34864372602059235,0.66692798006197,0.022855012142439447
369,k-,x,0.2007245454545454,0.3811111111111111,0.5422222222222222,8.226666666666667,0.022247603547908553,0.03500394097802293,0.058702031977021445,0.3456548629455416,0.6655279620697989,0.022247603547908553
370,k-,x,0.2035403939393939,0.3811111111111111,0.5422222222222222,8.226666666666667,0.021655875231484652,0.03413402903220945,0.05703458862504666,0.3426489194810859,0.6640266876007632,0.021655875231484652
371,k-,x,0.2063562424242424,0.3811111111111111,0.5422222222222222,8.226666666666667,0.021079001717504053,0.03329498132391753,0.05539606888414828,0.3396199340529639,0.662434161140413,0.021079001717504053
372,k-,x,0.2091720909090909,0.3811111111111111,0.5422222222222222,8.226666666666667,0.02051658252562354,0.03248489260205929,0.05378743025547404,0.3365707584700599,0.6607498252568025,0.02051658252562354
373,k-,x,0.2119879393939394,0.3811111111111111,0.5422222222222222,8.226666666666667,0.0199682759051643,0.03170169523413958,0.05221015626027324,0.3335048390420544,0.6589723545780148,0.0199682759051643
374,k-,x,0.2148037878787878,0.3811111111111111,0.5422222222222222,8.226666666666667,0.0194337507279014,0.030943451143903244,0.050665580786618446,0.33042538219038137,0.6571006441796055,0.0194337507279014
375,k-,x,0.2176196363636363,0.3811111111111111,0.5422222222222222,8.226666666666667,0.018912686092026083,0.03020834285516936,0.049154900212291304,0.32733537166276067,0.6551337898085536,0.018912686092026083
376,k-,x,0.2204354848484848,0.3811111111111111,0.5422222222222222,8.226666666666667,0.018404723421636456,0.029495227309685675,0.04767816821339151,0.32423615504598113,0.6530726157294705,0.018404723421636456
377,k-,x,0.2232513333333333,0.3811111111111111,0.5422222222222222,8.226666666666667,0.017909319352940836,0.028805757676362113,0.04623043955761567,0.3211223294604485,0.6509258922519996,0.017909319352940836
378,k-,x,0.2260671818181818,0.3811111111111111,0.5422222222222222,8.226666666666667,0.017426230092780333,0.02813881628248174,0.04481182542604773,0.31799601981473147,0.6486951950307207,0.017426230092780333
379,k-,x,0.2288830303030302,0.3811111111111111,0.5422222222222222,8.226666666666667,0.016955264031815843,0.02749283320063168,0.04342332245392528,0.3148605446375989,0.6463807136439459,0.016955264031815843
380,k-,x,0.2316988787878788,0.3811111111111111,0.5422222222222222,8.226666666666667,0.016496231560496243,0.026866330859096746,0.04206582659533471,0.3117189988759662,0.6439827159419294,0.016496231560496243
381,k-,x,0.2345147272727272,0.3811111111111111,0.5422222222222222,8.226666666666667,0.016048945207911995,0.02625791808417789,0.04074014083220713,0.30857426905248825,0.6415015402564298,0.016048945207911995
382,k-,x,0.2373305757575757,0.3811111111111111,0.5422222222222222,8.226666666666667,0.015613220847353138,0.025666324064750112,0.03944693280334522,0.30542893337930294,0.6389376224960079,0.015613220847353138
383,k-,x,0.2401464242424242,0.3811111111111111,0.5422222222222222,8.226666666666667,0.015188898337738963,0.025092866869398548,0.0381834991436705,0.30227809662006305,0.636293907527496,0.015188898337738963
384,k-,x,0.2429622727272727,0.3811111111111111,0.5422222222222222,8.226666666666667,0.014775643526315604,0.024537628029722335,0.036948278170540846,0.29912034088418515,0.6335730714896559,0.014775643526315604
385,k-,x,0.2457781212121212,0.3811111111111111,0.5422222222222222,8.226666666666667,0.01437306632277128,0.02399912925437271,0.03574163680610559,0.2959587695660518,0.6307765064452993,0.01437306632277128
386,k-,x,0.2485939696969697,0.3811111111111111,0.5422222222222222,8.226666666666667,0.013980793758271378,0.023475977185206946,0.03456389319433983,0.29279628577931394,0.6279055838782466,0.013980793758271378
387,k-,x,0.2514098181818182,0.3811111111111111,0.5422222222222222,8.226666666666667,0.013598469070420555,0.022966858181912984,0.03341532041038538,0.2896356051597038,0.6249616543064687,0.013598469070420555
388,k-,x,0.2542256666666667,0.3811111111111111,0.5422222222222222,8.226666666666667,0.013225750846087306,0.02247053346630019,0.03229614988661959,0.2864792677671232,0.621946046988448,0.013225750846087306
389,k-,x,0.2570415151515152,0.3811111111111111,0.5422222222222222,8.226666666666667,0.012862383398804734,0.021986580442660573,0.031205910051744723,0.28332726487365567,0.6188597402678945,0.012862383398804734
390,k-,x,0.2598573636363636,0.3811111111111111,0.5422222222222222,8.226666666666667,0.012508342028273776,0.021516562979974417,0.03014235061749091,0.2801736469904776,0.6157034183099201,0.012508342028273776
391,k-,x,0.2626732121212121,0.3811111111111111,0.5422222222222222,8.226666666666667,0.012163420064969826,0.021059671831723095,0.029105322783510225,0.2770204931488331,0.6124794533319065,0.012163420064969826
392,k-,x,0.2654890606060606,0.3811111111111111,0.5422222222222222,8.226666666666667,0.011827397331595834,0.020614915804549366,0.02809486448482233,0.2738704844846791,0.6091902515154833,0.011827397331595834
393,k-,x,0.2683049090909091,0.3811111111111111,0.5422222222222222,8.226666666666667,0.011500060840280256,0.02018135654078941,0.02711099181129719,0.27072613640345095,0.6058381238517823,0.011500060840280256
394,k-,x,0.2711207575757576,0.3811111111111111,0.5422222222222222,8.226666666666667,0.011181204492053964,0.019758105508177796,0.0261537007279487,0.2675898085249523,0.6024252906850562,0.011181204492053964
395,k-,x,0.2739366060606061,0.3811111111111111,0.5422222222222222,8.226666666666667,0.010870628794241367,0.0193443211992668,0.02522296865883491,0.2644637139077772,0.5989538859606808,0.010870628794241367
396,k-,x,0.2767524545454545,0.3811111111111111,0.5422222222222222,8.226666666666667,0.010568337891473725,0.01894065006118736,0.024317918514494143,0.261344277832026,0.595422853229092,0.010568337891473725
397,k-,x,0.279568303030303,0.3811111111111111,0.5422222222222222,8.226666666666667,0.01027423951411622,0.018547655876997648,0.023437521310788547,0.2582284023369115,0.5918318848527928,0.01027423951411622
398,k-,x,0.2823841515151515,0.3811111111111111,0.5422222222222222,8.226666666666667,0.009988009691455503,0.01816447148600654,0.022581497583939496,0.2551186736311162,0.5881840034761383,0.009988009691455503
399,k-,x,0.2852,0.3811111111111111,0.5422222222222222,8.226666666666667,0.009709338318149992,0.017790274209695447,0.021749568323408238,0.2520175250953376,0.58448209728186,0.009709338318149992
